id,domain,status,purchase_price,renewal_price,attractiveness,demand,length,registrar,created_at,expires_at,status_verified_at
7fba6f0f-9e63-4c8c-b015-4716c0bcbb46,assorted.spot,available,25.98,31.98,medium,low,8,namecheap,,,07/08/2026 07:25
44ebd0c2-e92c-4a02-a547-627e8495d40c,upright.spot,premium,116,116,high,low,7,namesilo,,,17/08/2026 12:05
c00b1373-97aa-4e2e-b1d4-47409a5d627b,antagonist.spot,available,25.98,31.98,high,low,10,namecheap,,,17/09/2026 10:48
e5038d4d-c6ce-4443-93bc-e49b03296ae7,resume.spot,premium,116,116,high,low,6,namesilo,,,24/09/2026 04:16
7d53aa71-5562-49c5-a451-a3bdfb2ab59c,welshman.spot,available,25.98,31.98,medium,low,8,namecheap,,,13/09/2026 10:44
1e96061c-becb-48e6-92ab-f61f9c82751d,velvet.spot,premium,116,116,high,low,6,namesilo,,,
4cfa7582-f098-44b3-86d2-f21b3f748a79,voluntary.spot,premium,116,116,high,low,9,namesilo,,,13/09/2026 07:07
b9b026b7-8942-4269-92e2-b0ea416e3428,ethnologic.spot,available,25.98,31.98,medium,low,10,namecheap,,,17/08/2026 13:51
a94c5eb5-314d-4423-8906-7058d519c0fd,synoecious.spot,available,25.98,31.98,medium,low,10,namecheap,,,11/09/2026 06:29
ef24b472-fa2e-4b88-850c-90679c2c7562,entire.spot,premium,116,116,high,low,6,namesilo,,,17/08/2026 09:57
c05e95bb-5e18-4747-aa72-75c74c563c3a,intrigue.spot,available,25.99,25.99,high,low,8,namesilo,,,
ab394c14-3228-4447-8ec2-4a45985549e8,concord.spot,premium,116,116,high,low,7,namesilo,,,16/09/2026 22:58
272354f6-1f57-44e2-b812-1c741569ea32,didrikson.spot,available,25.99,25.99,medium,low,9,namesilo,,,21/09/2026 12:34
063c0da9-a6c7-4ef8-b051-dd9e1da366cb,joyous.spot,available,25.98,31.98,high,low,6,namecheap,,,22/08/2026 14:06
4da98bab-8181-4ea0-9611-99b7197c39d6,zippo.spot,available,25.98,31.98,high,low,5,namecheap,,,03/09/2026 22:45
280851f2-a4d2-4ff0-8498-c26bca6ee223,barns.spot,available,25.99,25.99,medium,low,5,namesilo,,,20/09/2026 22:46
09a3ff71-dabe-49c6-a19f-55c775ed3765,alabama.spot,premium,116,116,high,low,7,namesilo,,,
ddf14b79-b71f-456b-866f-b21b77cfc723,resistant.spot,premium,116,116,high,low,9,namesilo,,,09/09/2026 15:18
83ccbbe8-042e-47f2-8d79-e18875214094,cloak.spot,available,25.99,25.99,high,medium,5,namesilo,,,24/09/2026 15:49
bcc1c7ca-cd6c-4ca4-bce7-4feeeecbb848,poster.spot,premium,116,116,high,low,6,namesilo,,,
2eaad923-3ffb-4db1-8ba0-9db736ecc29a,costless.spot,available,25.98,31.98,high,low,8,namecheap,,,13/08/2026 03:12
c72b423a-b1e2-4d23-b7fa-273a3cff05bc,averment.spot,available,25.99,25.99,medium,low,8,namesilo,,,20/09/2026 16:16
e301d9d8-373e-4a6c-9685-4c15fed803a6,abed.spot,available,25.98,31.98,medium,low,4,namecheap,,,13/09/2026 16:13
03680f26-cd5d-4bdc-a413-dab56b5717a0,beriberi.spot,available,25.99,25.99,medium,low,8,namesilo,,,23/09/2026 09:23
cf017e86-9385-4492-9c77-8b934ac93a44,bronte.spot,available,25.99,25.99,high,low,6,namesilo,,,19/09/2026 10:16
f0fc8339-93d5-49bd-8a0c-21fcf224b9d8,motorist.spot,available,25.99,25.99,high,low,8,namesilo,,,21/09/2026 07:26
790e8e23-9e36-4e87-a6ca-7478e1337f56,soil.spot,premium,1107,1107,high,low,4,namesilo,,,24/09/2026 02:55
785ff6de-30ef-419d-a58a-5212f6b4d008,soothes.spot,available,25.99,25.99,medium,low,7,namesilo,,,20/09/2026 05:20
2f3dab5c-c3a9-4536-99a2-ef1a8f44137b,leon.spot,premium,1107,1107,high,medium,4,namesilo,,,27/09/2026 04:37
6e5f2a40-98ef-48f3-a927-d023ba968c65,woods.spot,premium,625,,high,low,5,name.com,,,
6adf03d7-64a4-4e96-8996-10921c34da8d,ottoman.spot,available,25.98,31.98,high,low,7,namecheap,,,04/09/2026 18:38
bea06b6f-b31b-433c-9442-e29848439bc0,tidily.spot,available,25.99,25.99,medium,low,6,namesilo,,,16/09/2026 09:05
a11f7f86-b509-499e-9fe4-d8182b3e2c8c,thai.spot,premium,1107,1107,high,low,4,namesilo,,,10/09/2026 07:23
a026e1ca-9ba4-4dad-a32c-d87cf7dd6763,pretender.spot,available,25.98,31.98,high,low,9,namecheap,,,08/09/2026 19:12
d87e610e-3f52-4ec6-93ea-42922da4c6b6,robust.spot,premium,125,125,high,low,6,name.com,,,18/08/2026 18:02
f5189fc1-1502-4170-b09f-ce0737aa5a55,supplicant.spot,available,25.98,31.98,medium,low,10,namecheap,,,11/09/2026 03:28
eca96615-6883-4fc8-b175-6f542dc603a8,lopez.spot,premium,640,640,high,low,5,namesilo,,,25/09/2026 12:44
b178cb12-fa77-4213-b200-45108a938d3b,slaveless.spot,available,25.98,31.98,medium,low,9,namecheap,,,18/08/2026 14:44
2a0edc41-24cb-48bd-93ab-1cbef33d493a,talented.spot,premium,116,116,high,low,8,namesilo,,,18/08/2026 23:26
42451ea5-7d86-465b-8aee-e5d2c95caeea,starred.spot,available,25.98,31.98,medium,low,7,namecheap,,,07/08/2026 08:52
a5e15596-540a-42c7-9ab0-74c4c44e591f,dusty.spot,available,25.98,31.98,high,low,5,namecheap,,,14/08/2026 21:35
fda85b78-9e6f-42b9-a681-062694266ff3,topmost.spot,available,25.98,31.98,medium,low,7,namecheap,,,11/09/2026 17:46
06d2124b-14bd-4c18-9998-95c6f58f91bd,blackhead.spot,available,25.99,25.99,medium,low,9,namesilo,,,24/09/2026 02:47
a5ba3a82-cd6c-4784-b515-134c399a3d66,ament.spot,available,25.98,31.98,medium,low,5,namecheap,,,18/09/2026 18:57
cf17b9f1-17c5-45db-824c-1c5d22db6fbd,kvetch.spot,available,25.98,31.98,medium,low,6,namecheap,,,08/09/2026 20:36
9e844f04-7020-4ecb-8806-f434a0e45b47,disuse.spot,available,25.99,25.99,high,low,6,namesilo,,,24/09/2026 23:14
5c300d40-68ee-4f8c-8f25-7ec11f51f1d2,was.spot,premium,3125,,medium,low,3,name.com,,,
9561b1a3-9671-4fef-8005-e4eb4bc62c9e,unrequited.spot,available,25.98,31.98,medium,low,10,namecheap,,,12/09/2026 00:45
4067db73-4e1d-47aa-9d7b-4eb8ea42de6c,larson.spot,available,25.98,31.98,medium,low,6,namecheap,,,27/09/2026 01:48
1d740223-f49c-47a5-8581-baf83f4189d2,simpleness.spot,available,25.99,25.99,medium,low,10,namesilo,,,24/09/2026 13:51
0e533c6a-35d9-4dfc-8fbe-b8f4b8502b8f,harmonized.spot,available,25.98,31.98,high,low,10,namecheap,,,12/08/2026 22:50
b68468ad-6c9d-444f-912e-63f6d6ee6a42,het.spot,premium,1107,1107,medium,low,3,namesilo,,,21/08/2026 02:20
187e014e-17a7-4b89-acfb-41115043c7f9,pistol.spot,available,25.99,25.99,high,low,6,namesilo,,,27/09/2026 04:22
44a8211e-c6eb-4b98-877e-79854590ae78,benthal.spot,available,25.98,31.98,medium,low,7,namecheap,,,09/08/2026 14:47
7d67f4df-aea2-4226-a331-cfae6a922619,frayed.spot,available,25.98,31.98,medium,low,6,namecheap,,,18/08/2026 14:25
3ec006fe-8aeb-4d5d-846e-a5ea995c1863,apiece.spot,available,25.98,31.98,medium,low,6,namecheap,,,14/08/2026 22:12
4e693d46-3ef0-4b79-ad77-7afbea5e8409,cislunar.spot,available,25.98,31.98,medium,low,8,namecheap,,,12/08/2026 08:30
a997af9a-f347-49ec-9038-13eedfc24eaf,eccentric.spot,available,25.98,31.98,high,low,9,namecheap,,,10/08/2026 09:50
da06957e-4ff3-48ff-9522-31647567dd73,schoolbook.spot,available,25.99,25.99,medium,low,11,namesilo,,,19/09/2026 07:03
223721db-e8fe-420c-98b7-17ea6910574c,insinuate.spot,available,25.98,31.98,high,low,9,namecheap,,,22/08/2026 08:35
fce1fc70-0ab9-4cbf-ab33-0511ef30a1f6,traverse.spot,available,25.98,31.98,high,low,8,namecheap,,,13/08/2026 07:58
84335edb-6f90-48b3-872c-cce9ab580e1a,forced.spot,premium,130,130,high,low,6,namecheap,,,23/09/2026 21:10
7c7338e0-c015-4242-805b-a874a68b8591,witloof.spot,available,25.99,25.99,medium,low,7,namesilo,,,23/09/2026 05:01
76883670-d167-4ef5-946b-b1cef00d6e6a,basin.spot,premium,640,640,high,low,5,namesilo,,,22/09/2026 10:56
7e18e876-4ad5-4c96-bc50-92fd6678482f,lock.spot,premium,1107,1107,high,low,4,namesilo,,,
c9acb50e-93a2-4695-9482-abbfd8389956,compassion.spot,available,25.99,25.99,high,low,10,namesilo,,,24/09/2026 16:46
27fe1463-45aa-4bd6-a7d9-cacdefc64cb0,hartley.spot,premium,116,116,high,low,7,namesilo,,,25/09/2026 04:45
bc544443-418e-4085-a957-9de19493cb50,potassium.spot,available,25.99,25.99,high,low,9,namesilo,,,20/09/2026 22:30
ace1f52a-38a3-41aa-b610-f4da7b1195c4,fusiform.spot,available,25.98,31.98,medium,low,8,namecheap,,,12/08/2026 08:02
3d63fb57-8c94-440d-b5f0-dfc0c8319040,agnate.spot,available,25.98,31.98,medium,low,6,namecheap,,,
7c5e6c74-f4e6-42f1-b0a7-29338ec850de,redemption.spot,available,25.99,25.99,high,low,10,namesilo,,,
e280c177-02e5-4223-bff2-dc46dde4d7cc,buckshee.spot,available,25.98,31.98,medium,low,8,namecheap,,,11/08/2026 07:33
ffc87c44-7b1d-4ecf-92c5-1695f8833c8e,anthidium.spot,available,25.99,25.99,medium,low,9,namesilo,,,19/09/2026 13:22
f57023b9-a84e-4c06-9e46-6ba18174d9bb,diligence.spot,available,25.99,25.99,high,low,9,namesilo,,,
ce5cf77a-4ac1-41bf-8b24-111ce0e286e8,pile.spot,available,25.98,31.98,high,low,4,namecheap,,,25/08/2026 00:39
5ee08dee-1980-487c-a430-a73806631b71,screw.spot,premium,625,625,high,low,5,name.com,,,18/08/2026 17:26
1d3ea917-aab3-4be2-9391-809e7c3539aa,take.spot,premium,1107,1107,high,low,4,namesilo,,,
99efb122-88ff-47bf-bb66-2db827ba482e,plutonium.spot,available,25.99,25.99,high,low,9,namesilo,,,21/09/2026 00:12
d81023f5-b187-425f-a610-8108b015bbee,smack.spot,available,25.98,31.98,medium,low,5,namecheap,,,13/09/2026 23:28
934538f7-f987-417f-b0c7-034b4d17f033,indefinite.spot,available,25.98,31.98,high,low,10,namecheap,,,25/09/2026 09:08
5951f701-6e75-44a5-a311-43952b54b638,jokingly.spot,available,25.98,31.98,medium,low,8,namecheap,,,14/09/2026 17:23
bbe6238f-8669-4617-897f-b69634bdba9d,buddy.spot,premium,625,,high,low,5,name.com,,,
588abf3a-5af7-40d3-9d5c-83d898a3bb68,shake.spot,premium,640,640,high,low,5,namesilo,,,25/09/2026 06:52
63ccf98d-8023-4cfe-b554-bd2f760838b5,bifurcate.spot,available,25.98,31.98,high,low,9,namecheap,,,09/08/2026 20:08
69a9bcf4-2afa-4c84-963d-2fa80a168d49,oral.spot,premium,1107,1107,high,low,4,namesilo,,,04/09/2026 17:14
ac093bbc-e581-408a-aa86-e3da367dbd88,delphian.spot,available,25.98,31.98,medium,low,8,namecheap,,,14/08/2026 00:48
ec8a4044-33be-4611-8fcc-f6f29522f101,turkmen.spot,available,25.98,31.98,high,low,7,namecheap,,,11/09/2026 21:19
26b2f49c-4e18-4bf6-935d-0e6b64a3ba93,absinth.spot,available,25.99,25.99,medium,low,7,namesilo,,,16/09/2026 17:44
dfce7b53-a247-4574-877c-57e3bcef12f5,dressed.spot,premium,116,116,high,low,7,namesilo,,,22/09/2026 07:16
e5912fb1-02d5-4f7e-929e-8342c44da746,louvered.spot,available,25.98,31.98,medium,low,8,namecheap,,,24/08/2026 10:04
72075ed7-17b5-44e6-a7c1-e10c59644588,outcomes.spot,premium,116,116,high,low,8,namesilo,,,19/09/2026 12:31
6f63c584-bec4-4921-8257-2f224de29591,polemic.spot,available,25.98,31.98,medium,low,7,namecheap,,,08/09/2026 22:51
f3b4bf4b-f264-4b47-aebe-b065b481fd16,dromedary.spot,available,25.99,25.99,medium,low,9,namesilo,,,19/09/2026 23:32
06069f5f-0c91-4c6a-bc9c-e1a63d92d02b,rights.spot,premium,116,116,medium,low,6,namesilo,,,17/09/2026 03:52
45fed087-1620-43d9-b854-53d1acf335c9,spacey.spot,available,25.98,31.98,high,medium,6,namecheap,,,10/09/2026 15:06
2c5c1e6c-2901-4518-b6ed-dd56fadd28bc,aesthesia.spot,available,25.99,25.99,medium,low,9,namesilo,,,17/09/2026 13:26
3b2bec29-1fdb-469a-8db3-d3b95d6145ab,polynomials.spot,available,25.99,25.99,medium,low,11,namesilo,,,27/09/2026 09:22
37c6030a-e969-49d8-bb72-c17d32066bfe,deal.spot,premium,1107,1107,high,low,4,namesilo,,,19/09/2026 16:06
fef2c49a-2c5b-4ebf-92c0-d36a37cf3155,peeking.spot,available,25.99,25.99,high,low,7,namesilo,,,
1bc75368-76ef-4373-bbf4-950f17773b44,scag.spot,available,25.99,25.99,medium,low,4,namesilo,,,23/09/2026 14:40
736350b4-390c-4cd5-aee1-a7965659270a,underclass.spot,available,25.98,31.98,medium,low,10,namecheap,,,12/09/2026 07:22
34655661-5d01-42b9-ab2c-4fbde4836070,estonian.spot,available,25.98,31.98,high,low,8,namecheap,,,17/08/2026 13:27
04580682-92c2-404c-8363-a9132b9a0fe0,exchange.spot,premium,650,650,high,low,8,namecheap,,,23/09/2026 13:38
849b0648-2b8e-4ab2-8c52-24f36d9c75ed,had.spot,premium,3125,,high,low,3,name.com,,,
455fd4d9-a13b-467d-9027-cdd111f93674,meuse.spot,available,25.99,25.99,medium,low,5,namesilo,,,20/09/2026 04:35
2cfe84f7-3292-4b0d-9541-d3e13699b436,minister.spot,premium,130,130,high,low,8,namecheap,,,24/09/2026 20:20
f717ad25-ed9a-41d4-a57d-1dc5a5a503d0,snapping.spot,available,25.99,25.99,high,low,8,namesilo,,,
ce201c0d-b970-4c6f-ad85-933219fc4cd0,apostrophe.spot,available,25.98,31.98,high,low,10,namecheap,,,19/09/2026 19:30
6a5af6cb-fb6a-45a0-809f-b6c0c1e63561,stealthily.spot,available,25.99,25.99,medium,low,10,namesilo,,,16/09/2026 06:59
d4d7c400-7baa-496c-9de5-2c53180967e5,backed.spot,premium,116,116,high,low,6,namesilo,,,08/08/2026 05:33
b32a7ebb-4c1a-4b7e-a063-e0c1ff05b29b,viciously.spot,available,25.98,31.98,medium,low,9,namecheap,,,14/09/2026 01:35
6fea2c41-7928-4701-ad02-f88b3c7c78f5,externally.spot,available,25.98,31.98,medium,low,10,namecheap,,,14/09/2026 17:11
35eebd31-caaa-4df8-b795-8a6ca7b07641,vegetative.spot,available,25.98,31.98,medium,low,10,namecheap,,,13/09/2026 01:44
5073d215-3638-4ac0-9abd-66407cdc35d2,question.spot,premium,116,116,high,low,8,namesilo,,,25/09/2026 10:22
9930d7c4-bf45-45b1-a9ea-9f192bdcd9b1,hoary.spot,available,25.98,31.98,medium,low,5,namecheap,,,20/08/2026 19:20
5bec43ab-c308-46c2-af8c-da9f689a6a41,pointer.spot,premium,130,130,high,low,7,namecheap,,,20/09/2026 09:27
71ae634e-848a-401d-a14b-d8eeb9773a3c,muscle.spot,premium,116,116,high,low,6,namesilo,,,24/09/2026 08:22
027b60c7-fd26-4db7-8380-3c066cd52204,assiduity.spot,available,25.99,25.99,medium,low,9,namesilo,,,20/09/2026 16:21
22d2ebc2-f157-4f07-98cc-ddd1504bfd7a,spatter.spot,available,25.98,31.98,medium,low,7,namecheap,,,15/09/2026 20:19
132325d7-1a9e-4e5f-b99a-824c99df9a94,punch.spot,premium,640,640,high,low,5,namesilo,,,27/09/2026 03:37
2c5e20c2-0bb4-4106-8e74-20ac6d833f52,graduate.spot,premium,116,116,high,low,8,namesilo,,,20/08/2026 17:51
1bdb7bda-90b7-44cb-972a-6fde025c9c65,balarama.spot,available,25.98,31.98,medium,low,8,namecheap,,,21/09/2026 21:06
abca55b5-a19f-47f8-acbe-2871b55487b8,meal.spot,premium,1300,1300,high,low,4,namecheap,,,25/09/2026 09:17
636f5556-93b5-4683-ad07-d21f2fa2c873,lafayette.spot,premium,116,116,high,low,9,namesilo,,,
b13710ef-1567-47d6-9a24-56364aa4e3e8,arranged.spot,premium,116,116,high,low,8,namesilo,,,22/09/2026 08:25
fa9f58c4-a04a-4e30-97dd-26ca2fa50b9d,asimov.spot,available,25.99,25.99,high,low,6,namesilo,,,20/09/2026 14:15
81254df3-2483-4800-872b-1819d2dd94f9,grungy.spot,available,25.98,31.98,low,low,6,namecheap,,,09/08/2026 09:36
9594530f-98e5-4e9e-8eb4-722f2bb1422f,stoic.spot,available,25.98,31.98,high,low,5,namecheap,,,10/09/2026 20:57
917d27db-a4b7-4f71-963c-7733134bf93a,abdul.spot,premium,116,116,high,low,5,namesilo,,,27/09/2026 07:21
51eac048-f1a0-40bb-8440-b44d1c6156a9,fingered.spot,available,25.98,31.98,high,low,8,namecheap,,,18/08/2026 04:53
e05a9ba5-8396-4016-8d39-b940b5b3866d,arc.spot,premium,3125,3125,high,medium,3,name.com,,,06/08/2026 15:03
1e003372-a21b-48ea-bb40-1317dc5afd2b,detecting.spot,available,25.99,25.99,high,low,9,namesilo,,,
5aa9a993-b750-4461-8153-d84bdf31fef1,saame.spot,available,25.98,31.98,high,medium,5,namecheap,,,09/09/2026 21:08
b99723e7-b377-422e-8751-c7e4b49dbadf,moonlike.spot,available,25.98,31.98,medium,low,8,namecheap,,,25/08/2026 05:49
b3407aff-ae5c-49a5-bd1f-028662c4aea6,apolune.spot,available,25.98,31.98,medium,low,7,namecheap,,,19/09/2026 18:55
0a22cc87-4468-4e37-adb7-ec92a548e56e,chorale.spot,available,25.98,31.98,high,low,7,namecheap,,,12/08/2026 07:04
f7c3aca9-84c2-4146-83c0-981bc1495bba,agape.spot,available,25.98,31.98,high,low,5,namecheap,,,
62dcb907-dc6d-4f8a-90e1-b92ddfac1937,polyhedral.spot,available,25.98,31.98,medium,low,10,namecheap,,,08/09/2026 23:24
2c2b6508-060d-458d-a87f-db950b8aef79,bingo.spot,premium,650,650,high,low,5,namecheap,,,22/09/2026 20:37
70c5eb34-ce62-4554-aba1-b6c9c07b0539,unshaved.spot,available,25.98,31.98,medium,low,8,namecheap,,,12/09/2026 19:42
0d48c6ff-7fb7-4ed1-96b1-5be197d376d3,star.spot,premium,1300,1300,high,medium,4,namecheap,,,21/09/2026 17:48
53722941-008c-4048-9837-19f6a148a4f4,conic.spot,available,25.98,31.98,high,low,5,namecheap,,,12/08/2026 20:39
983bdef2-1c59-4bae-b1c5-fabec6c26157,bioko.spot,available,25.98,31.98,medium,low,5,namecheap,,,23/09/2026 18:17
2046a041-a56d-4c02-96b2-84c8c8968943,residual.spot,available,25.98,31.98,high,low,8,namecheap,,,09/09/2026 14:59
e4dc7607-ebae-45b2-9eca-b6f3b2d45bca,sip.spot,premium,3125,,high,low,3,name.com,,,
cb64d78a-5d85-4ac4-892f-7986c03819b6,amazona.spot,available,25.99,25.99,high,low,7,namesilo,,,18/09/2026 16:23
479e5594-b656-4344-8acf-9200a0714818,tidy.spot,available,25.98,31.98,high,low,4,namecheap,,,20/08/2026 16:42
567f6ab5-f091-4d02-96b4-d90a613ccdb1,fair.spot,premium,1107,1107,high,medium,4,namesilo,,,22/09/2026 23:43
1bc0a175-f5f8-45f3-a1ad-dfdde0f5f2ee,bleep.spot,available,25.98,31.98,high,low,5,namecheap,,,23/09/2026 01:26
b818a451-5be6-4863-a5a6-caede9d4ad38,frequent.spot,premium,116,116,high,low,8,namesilo,,,18/08/2026 15:06
2c2048b9-9345-43b4-900d-2a2c53005778,strength.spot,premium,116,116,high,low,8,namesilo,,,19/09/2026 17:18
4959cd57-ee1c-46b3-ad5e-6ed67c610cd6,vanadium.spot,available,25.99,25.99,medium,low,8,namesilo,,,20/09/2026 22:37
e763fc27-081d-4f64-8b3d-91e4d5b66b68,spikelike.spot,available,25.98,31.98,high,medium,9,namecheap,,,10/09/2026 15:38
86fff8a8-1bba-49eb-ab1d-178748d30c56,bounden.spot,available,25.98,31.98,medium,low,7,namecheap,,,10/08/2026 21:56
7e91a1a7-3eaf-454f-b376-82f5193cdd61,anura.spot,available,25.99,25.99,medium,low,5,namesilo,,,19/09/2026 15:53
089e0f56-ce01-4aa2-a2ee-a650622582a7,agleam.spot,available,25.98,31.98,medium,low,6,namecheap,,,
5acf8bac-3d37-4771-9a4a-ef429a9247a6,inquisitive.spot,available,31.98,,high,low,11,namecheap,,,
5a823f21-5645-4b23-bceb-4858cd2a283f,balochi.spot,available,25.99,25.99,medium,low,7,namesilo,,,21/09/2026 23:40
ec2abcfb-8eb6-4b51-b821-03ff943b39bd,amos.spot,premium,116,116,high,low,4,namesilo,,,18/09/2026 22:51
9bdd8855-4e9e-4d44-917d-ac93b5f7f6c9,mouth.spot,premium,640,640,high,low,5,namesilo,,,08/09/2026 03:51
db654ec7-3bd3-49d7-8f61-1c3c587e6cbc,metaphoric.spot,available,25.98,31.98,high,low,10,namecheap,,,24/08/2026 21:45
977b9422-93f3-4425-88d9-76f0053f3e62,plaguey.spot,available,25.98,31.98,medium,low,7,namecheap,,,
a2b22fae-76a5-46e6-8587-57f1ecdc927e,mantic.spot,available,25.98,31.98,medium,low,6,namecheap,,,14/08/2026 13:48
08a1c141-2d89-4134-9a31-557652b89976,despondent.spot,available,25.99,25.99,medium,low,10,namesilo,,,24/09/2026 06:51
5aea5c52-e008-471a-936d-d7f250ea81b8,crescent.spot,available,25.98,31.98,high,low,8,namecheap,,,13/08/2026 06:14
1a9e796c-8adc-4118-bf99-54cf31a44190,color.spot,premium,640,640,high,low,5,namesilo,,,24/09/2026 08:18
d2fda157-f0ac-4740-b85a-9824257fa365,chambers.spot,premium,116,116,high,low,8,namesilo,,,08/09/2026 06:47
68f1239b-3c9c-4008-a42f-734894932487,hereafter.spot,premium,125,125,high,low,9,name.com,,,18/08/2026 19:10
be2a56ca-0705-423b-a53c-4a52c36f6a33,posterior.spot,available,25.98,31.98,medium,low,9,namecheap,,,09/08/2026 11:12
5eac308d-f82d-4d90-9788-2a98a68a7465,bubonic.spot,available,25.98,31.98,medium,low,7,namecheap,,,11/08/2026 07:26
d116528c-dbab-4d17-87b7-1f226ec8361f,dope.spot,premium,116,116,high,low,4,namesilo,,,24/08/2026 10:28
cf497c19-2242-478b-b26f-60db05765f24,rocklike.spot,available,25.98,31.98,medium,low,8,namecheap,,,20/08/2026 18:00
4d1d55d6-7993-46fa-a0d1-a0fe5955725b,fantasy.spot,premium,116,116,high,low,7,namesilo,,,24/09/2026 16:36
3795632f-8700-4df9-b117-434dbdd44c0d,leisurely.spot,available,25.98,31.98,high,low,9,namecheap,,,14/08/2026 23:02
76505f87-7c54-446f-86ea-b8d57aa1cf5b,calling.spot,premium,130,130,high,low,7,namecheap,,,24/09/2026 11:48
f02fe40d-cc18-4404-930a-1ca152860e7b,unique.spot,premium,116,116,high,medium,6,namesilo,,,
52412b7c-f420-45dd-b5ea-ef8bc51e5772,propose.spot,premium,116,116,high,low,7,namesilo,,,
4f524f3e-44eb-4c58-8ec4-87e176f2c684,wicked.spot,premium,116,116,high,low,6,namesilo,,,24/09/2026 11:13
17aa9a3e-31a7-41f0-a1fa-bde59fe87609,frankish.spot,available,25.98,31.98,medium,low,8,namecheap,,,18/08/2026 14:14
26da1c91-2fd6-46c7-8d38-c4167b059a8d,indoor.spot,premium,130,130,high,low,6,namecheap,,,16/09/2026 19:42
43f8989e-2958-4f86-ab98-5546597ea872,uniform.spot,premium,130,130,high,low,7,namecheap,,,19/09/2026 05:41
ad44eeec-0d3e-47dd-88d0-26ef77f5038b,vincent.spot,premium,116,116,high,low,7,namesilo,,,25/09/2026 11:54
5996ecdb-fd5b-4109-91dc-71dce391a4e6,arbitrage.spot,available,25.98,31.98,high,low,9,namecheap,,,20/09/2026 00:42
5f701bdb-6aa0-4ee2-a40d-c0b33c476f0a,backstop.spot,available,25.98,31.98,medium,low,8,namecheap,,,21/09/2026 16:06
e1aec1c4-a922-4acd-956c-42f78e341a1a,medals.spot,available,25.99,25.99,high,low,6,namesilo,,,
d439a1da-63f2-4626-a152-51b69d34791b,joaquin.spot,premium,116,116,medium,low,7,namesilo,,,25/09/2026 16:17
238bba5f-7d85-4850-9f33-a7d4695c7eca,default.spot,premium,125,,high,low,7,name.com,,,
537080ed-8f53-44ff-a874-8e9c6ccf79fc,liege.spot,available,25.98,31.98,medium,low,5,namecheap,,,18/08/2026 03:03
ef40b381-9f63-46e6-8c7f-c12b5469301b,zend.spot,available,25.98,31.98,medium,low,4,namecheap,,,07/08/2026 23:12
0f4a8c91-be8c-4236-8c0b-09e8725f738b,muted.spot,available,25.98,31.98,high,low,5,namecheap,,,21/08/2026 15:56
3402b317-6eb3-4bfb-943c-7056e215565f,madrono.spot,available,25.99,25.99,medium,low,7,namesilo,,,20/09/2026 01:04
2e7aaada-026e-41b5-bfd6-0c396e2a7e27,sealed.spot,premium,116,116,high,low,6,namesilo,,,
9cf8c0b8-4f8c-49b4-8e6c-50afedac8330,essene.spot,available,25.98,31.98,medium,low,6,namecheap,,,17/08/2026 13:19
1c86f872-3787-4fd5-8c46-9cc0a05fc84f,metallic.spot,premium,116,116,high,low,8,namesilo,,,24/08/2026 21:34
a18cfe45-813e-49a1-af57-f4fb73601051,epidemic.spot,available,25.99,25.99,high,low,8,namesilo,,,24/09/2026 14:35
ad8647f0-8df8-4cf5-9a1f-325ab4d9ead9,performs.spot,premium,125,,medium,low,8,name.com,,,
ece74702-1ef9-4590-986c-de607e2a7d84,striking.spot,premium,116,116,high,low,8,namesilo,,,27/09/2026 07:25
aa475b3d-ab2c-4ea7-aff5-161da7ee578e,volunteer.spot,premium,116,116,high,low,9,namesilo,,,13/09/2026 07:13
926b3f82-1839-48ae-b721-6ee36f421ea5,unbranded.spot,available,25.98,31.98,high,low,9,namecheap,,,12/09/2026 04:29
330a354e-d6a6-4581-876b-7defd057085f,rather.spot,premium,125,,high,low,6,name.com,,,
6bbd09f6-94c6-49f6-b128-42e73afa0cfe,empathetic.spot,available,25.98,31.98,high,low,10,namecheap,,,16/08/2026 16:43
67d0d90c-69a6-4265-adab-3fc917b14759,nowadays.spot,available,25.98,31.98,high,low,8,namecheap,,,27/09/2026 05:06
2eecccbc-2688-421d-a78c-958396e387c8,cholera.spot,available,25.98,31.98,medium,low,7,namecheap,,,20/09/2026 14:08
591879ec-039a-4224-a534-c1bcd2978756,hazardous.spot,premium,116,116,medium,low,9,namesilo,,,21/08/2026 01:42
eda690ce-f6a1-49a5-8b31-c84eaf5c42cd,bodyguard.spot,premium,116,116,high,low,9,namesilo,,,24/09/2026 06:33
0bf69a4a-a9f8-4dd7-bdff-ad0c107ecada,meshuga.spot,available,25.98,31.98,medium,low,7,namecheap,,,24/08/2026 21:06
b52786b9-bf6a-472c-9828-cc4897bed8df,property.spot,premium,650,650,high,low,8,namecheap,,,
774a2ba8-eb6a-4429-ac27-af387a5ec4ce,gathering.spot,premium,130,130,high,low,9,namecheap,,,20/09/2026 16:00
35c04655-b624-42fb-b43d-a99894dac4c0,homo.spot,available,25.98,31.98,high,low,4,namecheap,,,18/08/2026 20:57
07a046de-f449-4d0b-9255-66046d39374b,aeonian.spot,available,25.98,31.98,medium,low,7,namecheap,,,
7e823f71-5432-4136-95ef-ae4ca3634a22,removal.spot,premium,116,116,high,low,7,namesilo,,,
d648c671-2c5c-4d43-b390-ff8036670b19,teaspoons.spot,available,25.99,25.99,medium,low,9,namesilo,,,19/09/2026 22:48
b22efb43-0b8f-4389-a7c8-7a8583316e45,birthrate.spot,premium,130,130,high,low,9,namecheap,,,23/09/2026 20:56
d53d39b8-ef72-4722-be93-463101072841,sociably.spot,available,25.98,31.98,medium,low,8,namecheap,,,14/09/2026 22:21
9dac69fa-dbb5-4d87-ad32-954427f6ddef,failed.spot,premium,125,,medium,low,6,name.com,,,
64186bff-4ef2-4d98-9880-59a392e2fe6f,generating.spot,premium,125,,medium,low,10,name.com,,,
4e2c644a-6f52-4d27-a091-19057fe5bdba,steuben.spot,available,25.99,25.99,medium,low,7,namesilo,,,22/09/2026 07:05
f8f2cf8c-2bef-48dc-beae-0873187e9089,ancestral.spot,available,25.98,31.98,high,low,9,namecheap,,,
8e8fcd77-8aa2-4a21-8aeb-9a00af041992,variant.spot,available,25.98,31.98,high,low,7,namecheap,,,13/09/2026 01:15
fe9ceb1e-535c-4335-bc44-5051c0c1be89,elephants.spot,available,25.98,31.98,high,low,9,namecheap,,,18/09/2026 04:24
65a1465d-14b5-4e1b-8241-a00221a579da,birmingham.spot,premium,116,116,high,low,10,namesilo,,,11/08/2026 06:43
e0c55697-3ee4-46a2-bb4a-26203e33d9e1,sterility.spot,available,25.99,25.99,medium,low,9,namesilo,,,19/09/2026 15:04
b0194aab-ca45-403f-bcb3-84d30a6c2f86,barrel.spot,premium,130,130,high,low,6,namecheap,,,22/09/2026 08:08
a89938fe-4193-4bc1-be3f-dd0abfcead6d,skilful.spot,available,25.99,25.99,high,low,7,namesilo,,,21/09/2026 17:29
c6c529bc-a9f3-4b5a-980c-e1ddddb5ac0c,clinton.spot,premium,116,116,high,low,7,namesilo,,,23/09/2026 15:58
c1be0bdd-236d-4f5c-95ca-d1e5ddc678dc,asocial.spot,available,25.98,31.98,medium,low,7,namecheap,,,07/08/2026 04:36
a5b1794d-7f93-4f1b-afd0-a0368fc457d2,archer.spot,premium,130,130,high,low,6,namecheap,,,20/09/2026 01:54
151898ed-6445-4bf1-a2a2-37d68b3487ce,atrial.spot,available,25.98,31.98,medium,low,6,namecheap,,,07/08/2026 14:24
cb20f54d-6e51-4950-9149-bbf585275586,mesonic.spot,available,25.98,31.98,medium,low,7,namecheap,,,24/08/2026 21:09
882dc832-e25c-4ceb-b507-6c3287e17239,bamako.spot,premium,116,116,medium,low,6,namesilo,,,22/09/2026 00:34
4433b991-2524-4a7a-adb2-d7e44df6014f,candles.spot,premium,116,116,high,low,7,namesilo,,,18/09/2026 07:24
e1664656-a268-4279-91a0-88db81a0871d,within.spot,premium,116,116,high,low,6,namesilo,,,
68f07d07-7230-4f51-909e-f31ad8334fd8,guarded.spot,available,25.98,31.98,high,low,7,namecheap,,,20/08/2026 20:41
a4e41589-e180-4290-bdf0-30e3ee2a5ce7,thirdhand.spot,available,25.98,31.98,medium,low,9,namecheap,,,11/09/2026 13:59
fdfc3b74-6ac1-4726-b122-67815a05e8a0,agitprop.spot,available,25.98,31.98,medium,low,8,namecheap,,,17/09/2026 18:14
1d0d9f29-50f6-45b5-b44c-1b4d8255fcc1,cresson.spot,available,25.98,31.98,medium,low,7,namecheap,,,13/08/2026 06:16
b4125f13-6996-4daf-9b7b-e6f34eb859ce,diurnal.spot,available,25.98,31.98,medium,low,7,namecheap,,,14/08/2026 13:34
2fb5657f-3e8d-4114-a649-1a5529b5654f,bedevil.spot,available,25.98,31.98,medium,low,7,namecheap,,,14/08/2026 21:15
bab74276-9f4e-450d-a489-0cae1d7dfb6c,aberration.spot,available,25.99,25.99,medium,low,10,namesilo,,,16/09/2026 15:14
324c9b52-7c5a-40b5-9059-0efe6b4df37f,mahoe.spot,available,25.99,25.99,medium,low,5,namesilo,,,21/09/2026 21:57
17b2148b-9217-482b-9b37-fb2307e54f9d,rarely.spot,premium,116,116,high,low,6,namesilo,,,15/09/2026 22:32
9c20766c-9702-4043-be48-12d3d75764d3,mirror.spot,premium,125,,high,low,6,name.com,,,
e5de2f15-5abc-4814-9786-e2fb8ee79db2,akaba.spot,available,25.99,25.99,medium,low,5,namesilo,,,17/09/2026 23:49
243e9391-b854-4561-ad76-9f4a75726c10,trail.spot,premium,640,640,high,low,5,namesilo,,,25/09/2026 22:13
93dd87f9-7e02-45c4-adaf-44a34bcbf1c1,attachable.spot,available,25.98,31.98,medium,low,10,namecheap,,,07/08/2026 15:36
d557b78c-2599-4d39-9c6e-cc782623a8c6,brutality.spot,available,25.99,25.99,medium,low,9,namesilo,,,22/09/2026 04:26
014152f0-26b4-4790-9b16-4559ff74ed8a,miraculous.spot,available,25.98,31.98,high,low,10,namecheap,,,21/08/2026 02:29
4815cd03-dcb8-4e58-842c-645ceda071ca,ladder.spot,premium,116,116,high,low,6,namesilo,,,
a0bd0ed4-f1fd-40f8-b3af-e6e51a52caf1,vulgar.spot,available,25.98,31.98,high,low,6,namecheap,,,14/08/2026 22:44
bb1d30e6-92c7-4b65-ae7f-fd130adee5f2,dryers.spot,available,25.99,25.99,medium,low,6,namesilo,,,21/09/2026 07:40
d64771b2-06ba-48f8-a990-fac4c1d4d74d,bravely.spot,available,25.98,31.98,high,low,7,namecheap,,,14/09/2026 01:22
f97b0fed-14b5-4238-a9c9-fe1e65bceb98,harmonise.spot,available,25.99,25.99,high,low,9,namesilo,,,16/09/2026 22:55
2d3e1bea-0b90-4b44-be61-4bcd2fdfadc2,absurd.spot,available,25.98,31.98,high,low,6,namecheap,,,
02a7390c-278d-40a9-8d16-cc8ff5dcbed4,acinic.spot,available,25.98,31.98,medium,low,6,namecheap,,,
04a2d641-4180-46a1-a544-b9ba917d37e1,trembling.spot,available,25.98,31.98,high,medium,9,namecheap,,,10/09/2026 06:41
3a5ebddf-bae5-4a6d-9c72-5ff1a1d5d1ab,chosen.spot,premium,116,116,high,low,6,namesilo,,,16/08/2026 02:32
7fca2df1-8e55-4053-8856-5d0645116f19,automobile.spot,premium,116,116,high,low,10,namesilo,,,
51a93340-a468-45d5-92b8-aa2a78bb13ab,checkup.spot,premium,125,125,high,low,7,name.com,,,24/08/2026 18:57
b8fd7cba-33f4-4405-811f-0d6ddf4e8a4a,unpopular.spot,available,25.98,31.98,high,low,9,namecheap,,,12/09/2026 17:11
02489510-2faa-4029-a651-3535f35de82e,basseterre.spot,available,25.98,31.98,medium,low,10,namecheap,,,22/09/2026 12:18
2fd6a0fc-ee41-4d39-b70b-979349578952,deluxe.spot,premium,125,125,high,low,6,name.com,,,13/08/2026 19:11
e3acdff0-4514-4be3-826c-2a41036f6c8f,hereto.spot,available,25.98,31.98,medium,low,6,namecheap,,,15/09/2026 00:34
d541affa-c7ef-4875-a072-d7b51eb981e4,qualitative.spot,available,25.99,25.99,high,low,11,namesilo,,,
04a30973-42a1-446b-8de3-fddc4f99a126,wolverine.spot,available,25.99,25.99,high,low,9,namesilo,,,24/09/2026 12:48
e7eb32e4-81f2-4956-b2e9-e84949b45e82,critique.spot,available,31.98,,high,low,8,namecheap,,,
380ef891-05ae-43af-bf6b-2db4b316bfb9,correlated.spot,available,25.98,31.98,high,low,10,namecheap,,,13/08/2026 02:01
dd2f153d-e95b-4d63-9bdb-539a2a7f07f7,onshore.spot,available,25.98,31.98,high,low,7,namecheap,,,22/08/2026 06:55
5a1f8979-a297-4f10-94b3-ae1c24d0304d,steep.spot,available,25.98,31.98,high,low,5,namecheap,,,17/08/2026 17:40
5b4d054d-d2f9-4394-8e21-c2a7cd44c1bb,glistening.spot,available,25.98,31.98,high,low,10,namecheap,,,20/08/2026 14:30
b978665d-2da4-482e-a4f0-8cbbd63ecb4e,boney.spot,available,25.98,31.98,medium,low,5,namecheap,,,10/08/2026 18:44
950dedf7-5ea4-404d-b642-3e821445de0e,elegantly.spot,available,25.98,31.98,high,low,9,namecheap,,,14/09/2026 15:17
3b1e330d-37a0-407d-81c0-590d7d6be438,assassin.spot,available,25.99,25.99,high,low,8,namesilo,,,20/09/2026 15:43
3ba05e6a-0b2d-47e1-b96d-590ab304b5b7,azure.spot,available,25.98,31.98,high,high,5,namecheap,,,08/08/2026 03:08
75c06419-4420-41d6-8aeb-ccbfdb7c9774,steelyard.spot,available,25.98,31.98,medium,low,9,namecheap,,,22/09/2026 19:57
a3973049-ef82-4a8b-a103-8541626d057c,clammy.spot,available,25.98,31.98,medium,low,6,namecheap,,,12/08/2026 09:23
0f2ee783-4aee-42b8-a240-9c8f924cee0b,unassisted.spot,available,25.98,31.98,high,medium,10,namecheap,,,10/09/2026 08:26
ec667a37-bfba-4602-bec0-6a2a9409fa45,capped.spot,available,25.98,31.98,medium,low,6,namecheap,,,11/08/2026 18:02
3179031d-e384-426b-a214-2b1fb3efb7fd,gilt.spot,available,25.98,31.98,high,low,4,namecheap,,,18/08/2026 23:34
67db9c04-ef63-4912-a87e-0362e8fc0d9e,germicidal.spot,available,25.98,31.98,medium,low,10,namecheap,,,08/08/2026 07:07
2bdf12f7-5417-4df5-8ddc-8a9670bf2aac,largo.spot,available,25.98,31.98,medium,low,5,namecheap,,,22/08/2026 19:59
23411461-19f5-4a6f-9178-b8838b4f79ab,approached.spot,available,25.98,31.98,medium,low,10,namecheap,,,17/09/2026 16:13
563f4630-3e9d-430a-b875-379aff1c9a13,rending.spot,available,25.98,31.98,medium,low,7,namecheap,,,09/09/2026 13:57
35e8e69a-73d3-4abe-946a-ed2cd1225b7a,papillary.spot,available,25.98,31.98,medium,low,9,namecheap,,,05/09/2026 01:21
c9877e5f-de0a-4240-99ee-a8b7873b2654,contented.spot,available,25.98,31.98,high,low,9,namecheap,,,23/09/2026 21:58
819cf345-99c2-45f0-bc96-e3d2a1ec52c3,revenues.spot,premium,116,116,medium,low,8,namesilo,,,25/09/2026 09:02
f7ab8c85-ef67-4a0e-a227-db405639ffa5,mickey.spot,available,25.98,31.98,high,low,6,namecheap,,,25/09/2026 09:22
64e62636-69cd-4f6d-bb17-7a11c5b1f637,berry.spot,premium,640,640,high,low,5,namesilo,,,23/09/2026 10:10
bf346a08-063c-4f63-85f1-6d84d12b45b4,latest.spot,premium,116,116,high,low,6,namesilo,,,
0a84a3d9-6145-4695-97ed-86c110d3ad25,jews.spot,premium,1250,1250,medium,low,4,name.com,,,
4b848ff8-2cde-4eca-9c08-307f97ef19bf,orienting.spot,available,25.98,31.98,high,low,9,namecheap,,,04/09/2026 17:56
594b9421-d6bd-4429-8ddc-73d8da1e8b2a,roma.spot,premium,116,116,high,low,4,namesilo,,,10/08/2026 17:30
e271f102-c936-4347-adcf-6aa567f09a4c,richmond.spot,premium,116,116,high,low,8,namesilo,,,
aee5a24c-c4b9-4149-92b4-99fb0e73c6e2,biometrics.spot,available,25.98,31.98,high,low,10,namecheap,,,23/09/2026 18:33
ae80cc83-7ab6-43a4-9b6b-71f6fd1ed928,scarlet.spot,premium,116,116,high,low,7,namesilo,,,10/08/2026 15:12
8e0a99a0-0daf-42f8-8b6d-9c0cb47c3cd9,diploma.spot,premium,116,116,high,low,7,namesilo,,,
3b398037-bc19-4ea5-8c5a-20aa2e863abc,busily.spot,available,25.98,31.98,medium,low,6,namecheap,,,14/09/2026 01:53
9f28cf14-03b0-47ab-93af-2acf70e75071,agua.spot,available,25.98,31.98,high,low,4,namecheap,,,17/09/2026 20:04
78c42a75-b2f5-4325-83db-654255ff652e,hardcover.spot,premium,116,116,high,low,9,namesilo,,,21/08/2026 00:44
c93c124f-9684-47e4-8011-ad9e9f017e87,threadfish.spot,available,25.99,25.99,medium,low,10,namesilo,,,18/09/2026 04:49
d2e2899e-41a2-4548-afbc-0aff67228c07,disregard.spot,available,25.98,31.98,high,medium,9,namecheap,,,10/09/2026 12:49
309c36be-7409-4f1e-b366-baf9fa75b41f,approximately.spot,premium,116,116,medium,low,13,namesilo,,,27/09/2026 08:28
b2a04603-c370-460e-b87c-4d9ba285b75d,outlaw.spot,premium,130,130,high,low,6,namecheap,,,24/09/2026 01:45
6fd19710-bc7a-4af9-9f04-95f3ad12091d,arteria.spot,available,25.98,31.98,high,low,7,namecheap,,,20/09/2026 10:30
ba6506c8-a074-47d3-b948-52aefb57b92d,jamaican.spot,premium,116,116,high,low,8,namesilo,,,22/08/2026 12:11
c3daf3a1-1e2d-4a8f-a147-0e29e88e0052,airship.spot,available,25.98,31.98,high,medium,7,namecheap,,,14/08/2026 09:04
ea3a022d-e2b3-4ff3-b867-74c0d42d099e,psychology.spot,premium,116,116,high,low,10,namesilo,,,
27d73799-6691-4f2e-a6b5-28f095af1264,compete.spot,premium,116,116,high,low,7,namesilo,,,
f8d9931e-33cc-4e24-9591-0176cf507c11,croat.spot,available,25.98,31.98,high,low,5,namecheap,,,13/08/2026 07:34
3b265954-a8ac-4d52-9a1a-db451278c145,ruffian.spot,available,25.98,31.98,medium,low,7,namecheap,,,11/08/2026 08:41
fcca7c93-4593-40b8-99de-8de6bb70c24b,classical.spot,premium,116,116,high,low,9,namesilo,,,12/08/2026 09:42
3f237187-03a8-4f85-bcaf-e2fbbcf69fab,hitting.spot,premium,116,116,high,low,7,namesilo,,,25/09/2026 07:22
d7a13dbb-956c-4363-8f86-d83bd237cb3c,fatigued.spot,available,25.98,31.98,medium,low,8,namecheap,,,14/08/2026 14:49
088e7533-8c6c-464f-ae66-c0dfc79f707b,reformed.spot,available,25.98,31.98,high,low,9,namecheap,,,09/09/2026 10:53
39f4945a-ccc7-4702-9fd0-47d0a73ce7a1,blacktop.spot,available,25.99,25.99,medium,low,8,namesilo,,,24/09/2026 03:24
98fd29ba-abb9-42ab-89d8-38106534d719,audacity.spot,available,25.99,25.99,high,low,8,namesilo,,,21/09/2026 02:47
df4bdba7-f284-4fad-9172-8378d1ed890d,fortunate.spot,available,25.98,31.98,high,low,9,namecheap,,,18/08/2026 12:47
061c9d0d-a05d-44be-83c3-74c6f25bdab5,adequacy.spot,available,25.99,25.99,high,low,8,namesilo,,,17/09/2026 07:43
378f5c7c-a821-499e-b11d-bf8fc7155cca,sidearm.spot,available,25.98,31.98,high,medium,7,namecheap,,,10/09/2026 07:44
4f087f84-de91-43e7-aba1-30a797addd06,hag.spot,premium,1107,1107,high,low,3,namesilo,,,23/09/2026 04:44
7a9ca10f-8dfc-45ec-ab3d-8b159181765e,mete.spot,available,25.98,31.98,high,low,4,namecheap,,,10/08/2026 19:54
39cd085e-9778-4579-889c-c3ea7644ef17,dartmouth.spot,available,25.99,25.99,high,low,9,namesilo,,,25/09/2026 04:45
2bd4a0c1-4f60-4422-b940-405aceca6c30,roundish.spot,available,25.98,31.98,high,medium,8,namecheap,,,09/09/2026 19:04
08426bf3-a40c-492a-b577-e12a3bbb5773,drunken.spot,available,25.98,31.98,medium,low,7,namecheap,,,09/08/2026 19:02
fd373477-dd36-4af0-8a61-574456d371e5,slicked.spot,available,25.98,31.98,medium,low,7,namecheap,,,08/09/2026 20:52
61591faa-e6c0-487f-9927-8ae34a5aec72,airplane.spot,premium,116,116,high,low,8,namesilo,,,27/09/2026 04:01
8872ae34-f35a-46a2-8c65-d157a42965b3,respiratory.spot,premium,125,,high,low,11,name.com,,,
b5ce6cc9-b9a6-4495-96cb-86ba17796a51,acedia.spot,available,25.99,25.99,medium,low,6,namesilo,,,16/09/2026 23:26
a4241b15-8d61-4dec-809f-8ebe85987c19,recruited.spot,available,25.99,25.99,medium,low,9,namesilo,,,18/09/2026 00:53
b8dc0747-7fa6-43a6-baa8-898121a44eab,cloisonne.spot,available,25.98,31.98,medium,low,9,namecheap,,,12/08/2026 01:39
9a40b197-2f01-410f-b8f3-c022dfab5722,actual.spot,premium,130,130,high,low,6,namecheap,,,21/09/2026 16:37
4df52191-7978-48aa-a9b2-dbe9971cecf7,impaired.spot,premium,125,125,medium,low,8,name.com,,,21/08/2026 21:40
9742573c-1caf-4576-babc-d0ace94ecc6c,oceangoing.spot,available,25.98,31.98,medium,low,10,namecheap,,,04/09/2026 00:20
3a1281f7-f6c1-40d8-8330-0fc8879963c0,nates.spot,available,25.98,31.98,medium,low,5,namecheap,,,09/08/2026 10:31
9b6fdfd0-09dc-45b1-a808-579028302f9b,hid.spot,premium,1107,1107,medium,low,3,namesilo,,,26/09/2026 03:17
29fc464c-c48a-47ee-9a86-3246bded8184,inwardly.spot,available,25.98,31.98,medium,low,8,namecheap,,,15/09/2026 09:18
478be8c3-e3bd-437d-b35d-d1bc0d84a24d,echt.spot,available,25.98,31.98,high,low,4,namecheap,,,14/08/2026 23:41
334f2f41-f7ce-4092-a47c-09a7dcec03dc,violet.spot,premium,116,116,high,medium,6,namesilo,,,09/09/2026 06:21
b380e8da-9323-478d-8eed-63d8b70f3369,grouchy.spot,available,25.98,31.98,medium,low,7,namecheap,,,08/08/2026 07:52
e4ddbb9f-c599-4e8b-abb4-d671ad2aca59,isomeric.spot,available,25.98,31.98,medium,low,8,namecheap,,,22/08/2026 11:08
e57ea6fc-ff91-41b4-bebc-903a284a282e,simpson.spot,premium,116,116,high,low,7,namesilo,,,
05ba2cc4-3e2c-440b-a6ec-77db46ea6861,cuvier.spot,available,25.99,25.99,high,low,6,namesilo,,,22/09/2026 07:06
93be0d88-1b82-45cd-8c8d-2096ed3c5445,cambridge.spot,premium,130,130,high,low,9,namecheap,,,24/09/2026 11:51
7d2f136a-783d-496b-ba59-835c8bf000c7,consuming.spot,available,25.98,31.98,high,low,9,namecheap,,,23/09/2026 21:22
6454eabe-51ac-4c67-ae05-bd9817668375,pretend.spot,available,25.99,25.99,high,low,7,namesilo,,,25/09/2026 16:18
39d691d5-e1e3-4849-9524-ff86b664f6e8,absurdly.spot,available,25.98,31.98,medium,low,8,namecheap,,,13/09/2026 16:46
6626ae9f-a33d-4817-82d5-977b76266f0c,anaxagoras.spot,available,25.99,25.99,medium,low,10,namesilo,,,19/09/2026 03:36
8337bc52-4c98-4d09-8cab-3a870c2497d8,stifled.spot,available,25.98,31.98,high,medium,7,namecheap,,,10/09/2026 12:12
9a6a2143-cfc7-4247-8bc9-47730abe8da5,sweetly.spot,available,25.98,31.98,high,low,7,namecheap,,,11/09/2026 05:33
c3207932-f2cd-4e5a-985e-99adcb2820f3,dent.spot,premium,116,116,high,low,4,namesilo,,,24/09/2026 21:54
e3c63c53-4cf7-44f4-8b52-f003b0c1e9ce,dawdling.spot,available,25.98,31.98,medium,low,8,namecheap,,,11/09/2026 19:40
1df30182-9e84-47ce-89e9-d53ab50dd5f4,betimes.spot,available,25.98,31.98,medium,low,7,namecheap,,,13/09/2026 23:59
d612eae3-5e2c-490f-9955-f2ad9ceb26b9,stannic.spot,available,25.98,31.98,low,low,7,namecheap,,,10/09/2026 18:41
13886db9-0cfc-4320-9177-ecec9264be0d,women.spot,premium,625,,high,low,5,name.com,,,
172bd405-fb6f-4a55-9a0e-d51c2bc03bd3,sail.spot,premium,1250,,high,low,4,name.com,,,
9b74fb23-6726-412c-9b0b-fddf3b71c6c0,hindu.spot,premium,625,625,high,low,5,name.com,,,21/08/2026 09:30
c62844c9-197f-40e8-b6f2-54a6b7c51b0e,backpacker.spot,available,25.99,25.99,high,low,10,namesilo,,,21/09/2026 15:44
a86bde36-33e0-4ab9-9b08-5243117b383c,embossed.spot,available,25.98,31.98,high,low,8,namecheap,,,11/08/2026 05:17
1c00ae06-59b4-43a2-bed7-b9aa9a32155a,wagon.spot,premium,625,,high,low,5,name.com,,,
59120804-82b9-4c62-bce4-83e5424b0648,especially.spot,premium,125,,high,low,10,name.com,,,
d8e5c610-248a-45e2-be60-fdbaace4a8ce,dilatory.spot,available,25.98,31.98,medium,low,8,namecheap,,,14/08/2026 07:31
3ac840e3-d4e8-4ef2-8181-101fff52964c,baneberry.spot,available,25.99,25.99,medium,low,9,namesilo,,,22/09/2026 01:43
61c56fde-6c7f-41cd-ae24-bd406df5569e,salving.spot,available,25.98,31.98,medium,low,7,namecheap,,,14/08/2026 01:40
2af06ab6-214f-4930-ad96-7fe75ad983ff,arbitrator.spot,available,25.99,25.99,medium,low,10,namesilo,,,20/09/2026 00:44
b8f9eede-e055-402e-8eaf-edd2811a4ff6,matching.spot,premium,116,116,high,low,8,namesilo,,,12/08/2026 13:23
937ded4d-70a0-4b44-80ff-6088b39939a0,soaked.spot,available,25.98,31.98,medium,low,6,namecheap,,,09/08/2026 15:52
a53ec112-67b3-45ad-a90a-4ab39e5e82ce,alhaytham.spot,available,25.99,25.99,medium,low,10,namesilo,,,18/09/2026 00:48
58e81158-2f7c-4dc1-9f99-993cd77e75b7,jules.spot,available,25.99,25.99,high,low,5,namesilo,,,25/09/2026 15:01
ea814c27-f7c1-44b7-a09b-c0890e8cf4e1,shivering.spot,available,25.98,31.98,high,medium,9,namecheap,,,10/09/2026 06:40
cf94ee8f-b595-4077-becf-87f461b0c2e9,apologia.spot,available,25.98,31.98,medium,low,8,namecheap,,,19/09/2026 18:44
51c498e2-8f61-4170-943e-f48cbfb30ff5,erupt.spot,available,25.99,25.99,high,low,5,namesilo,,,
2fa86efc-0f8f-4828-9511-6560da0c4099,nettle.spot,available,25.99,25.99,high,low,6,namesilo,,,24/09/2026 22:02
e3c3173b-2052-4758-9d06-7d8e57107acc,prefatory.spot,available,25.98,31.98,high,medium,9,namecheap,,,09/09/2026 01:35
5b77d841-f725-45e0-ad37-7c91fe4f0db0,alloy.spot,premium,640,640,high,low,5,namesilo,,,17/09/2026 09:02
b476a339-1f3e-40a2-8f14-730fd9a18c3c,softback.spot,available,25.98,31.98,medium,low,8,namecheap,,,05/09/2026 01:13
3381d8e1-dbf4-4ab4-b9cb-c366e1fb9faa,stepmother.spot,premium,125,,high,low,10,name.com,,,
f3f938d2-da0d-4c67-a472-8b720032975d,midst.spot,available,25.98,31.98,medium,low,5,namecheap,,,11/09/2026 13:11
12af6de0-14f6-4209-a931-f45ebdaed260,variously.spot,available,25.98,31.98,medium,low,9,namecheap,,,14/09/2026 13:23
715f74b2-44ef-4493-b67d-6d26cf6e16a6,arity.spot,available,25.99,25.99,medium,low,5,namesilo,,,20/09/2026 06:02
13c0a574-67d8-4e2d-9208-faef7acb0b5c,shamed.spot,available,25.98,31.98,medium,low,6,namecheap,,,14/08/2026 10:25
5e4e2dcd-631d-4415-a883-768d64f52508,greg.spot,premium,1250,,high,low,4,name.com,,,
8fcc101b-a8d5-458f-8d17-febb8cf66149,adhesion.spot,available,25.99,25.99,high,low,8,namesilo,,,17/09/2026 07:59
84eae238-c276-4436-bbf3-f572aed3a895,jolly.spot,available,25.98,31.98,high,low,5,namecheap,,,25/09/2026 11:52
b8d5cc94-e302-40c1-9fb4-83ffc1f4154b,vegetarian.spot,premium,116,116,high,low,10,namesilo,,,
c3ca8d2f-fc25-4954-a034-1e615a5343f0,pinched.spot,available,25.98,31.98,high,low,7,namecheap,,,10/08/2026 18:58
8db059ef-5362-499e-937e-c9d495b26376,backing.spot,premium,116,116,high,low,7,namesilo,,,21/09/2026 15:39
e1df75dc-bc62-49fe-8b06-9bb403cd3b65,overly.spot,available,25.98,31.98,high,low,6,namecheap,,,14/09/2026 16:48
25517430-d3c6-410b-9980-9074f97cd849,lukewarm.spot,premium,116,116,medium,low,8,namesilo,,,20/08/2026 22:43
07655722-ca93-47a9-8745-cb4c7f249fa6,dependance.spot,available,25.99,25.99,medium,low,10,namesilo,,,17/09/2026 06:55
ddb00712-d6ea-438a-a282-5b8d6f3788e3,porkfish.spot,available,25.99,25.99,medium,low,8,namesilo,,,19/09/2026 09:38
1de7ad53-edb8-4821-a4b7-a8c9d75ed28e,separate.spot,premium,116,116,high,low,8,namesilo,,,24/09/2026 11:16
11e5b6c4-498d-4a88-a2bc-24d507691796,nonplus.spot,available,39.99,39.99,medium,low,7,name.com,,,21/09/2026 17:34
220fb96d-3b01-4bf9-9b54-7078d4add797,possible.spot,premium,116,116,high,low,8,namesilo,,,27/09/2026 04:44
6acda4f9-a072-4de8-b4ab-e860dd9019d1,webbed.spot,available,25.98,31.98,medium,low,6,namecheap,,,03/09/2026 16:04
5a83e797-e543-4fab-9bdc-020d0916baf4,clara.spot,premium,650,650,high,low,5,namecheap,,,25/09/2026 13:33
c7c1d643-5cf2-4523-8509-0a9ea26c8625,separately.spot,premium,116,116,medium,low,10,namesilo,,,15/09/2026 08:00
dbf178a1-14de-4605-8dd0-9817bb441300,seth.spot,premium,130,130,high,low,4,namecheap,,,25/09/2026 10:39
c57c4009-2264-467f-a0e5-5cbb76d0e93d,verminous.spot,available,25.98,31.98,medium,low,9,namecheap,,,13/09/2026 04:05
b56ec6bb-0516-4400-85da-f7511a75e6c5,decently.spot,available,25.98,31.98,medium,low,8,namecheap,,,13/08/2026 21:14
d8cb2241-a9a3-423b-bfe4-9fa837c85c53,coffin.spot,available,25.99,25.99,medium,low,6,namesilo,,,
3a04ba97-5363-47b7-b6b1-678f2fb471de,bhang.spot,available,25.99,25.99,medium,low,5,namesilo,,,23/09/2026 12:34
ab370f12-8388-4eab-bfa9-f1f0f46a8598,grumble.spot,available,25.98,31.98,high,low,7,namecheap,,,20/08/2026 20:38
a9859994-26c3-4a7e-9985-86cbec9a1da2,nurture.spot,available,25.98,31.98,high,low,7,namecheap,,,09/09/2026 11:05
52bf96bb-7174-405a-aa54-3097ea5c4cd8,them.spot,premium,1107,1107,high,low,4,namesilo,,,
b20c58fa-f2a0-4475-81ad-edc1cfccf8ec,swop.spot,available,25.99,25.99,high,low,4,namesilo,,,22/09/2026 08:57
73fd1a23-857a-491d-abf0-177576050ba0,batch.spot,premium,625,625,high,low,5,name.com,,,25/08/2026 00:19
73e7930b-8aa7-42be-90f0-2257f4d56479,daughter.spot,premium,125,,high,low,8,name.com,,,
73df2482-a419-4051-8263-df025fe7897a,apia.spot,available,25.98,31.98,medium,low,4,namecheap,,,19/09/2026 17:18
14d77750-d7f2-43e7-ac0a-725c0ef293c9,retraction.spot,available,25.98,31.98,high,low,10,namecheap,,,16/09/2026 15:59
e8ac8269-18f9-4109-9b9d-a48988281c7d,antioch.spot,premium,116,116,high,low,7,namesilo,,,19/09/2026 12:29
3e1f4d95-d3a5-479e-97f8-89497fa50fda,dominating.spot,available,25.98,31.98,medium,low,10,namecheap,,,07/08/2026 19:40
94062755-7040-4bc8-bdc3-bd878bbaba9b,gestural.spot,available,25.98,31.98,medium,low,8,namecheap,,,18/08/2026 22:57
d6f1da45-022c-4af8-81a3-1fefaadc2747,gibson.spot,premium,130,130,high,low,6,namecheap,,,18/09/2026 14:55
5bd0fc08-176c-4f82-a4ad-72c4f0d3af36,waxing.spot,available,25.98,31.98,high,low,6,namecheap,,,13/09/2026 08:44
4469c4cb-bc2a-432f-9d0c-e0902ca9f539,calf.spot,available,25.99,25.99,high,low,4,namesilo,,,
d4e028d1-17f8-4bd8-aa9b-96f4236126aa,homebody.spot,available,25.98,31.98,medium,low,8,namecheap,,,10/09/2026 19:28
088c53d0-1108-4450-87ab-3d0b8ce0c7d6,music.spot,premium,12500,,high,medium,5,name.com,,,
bbf6ccf0-23d4-4d6a-8ded-3e2a6f945b08,upon.spot,premium,1100,1100,high,low,4,dynadot,,,27/09/2026 11:32
bb3eb6c9-0ed9-4f70-a120-f5952daf6902,wellbeing.spot,available,25.99,25.99,high,low,9,namesilo,,,
1dfe9a47-fa3e-4f0e-b063-05f2bacdcfc8,banger.spot,available,25.99,25.99,high,low,6,namesilo,,,22/09/2026 01:46
ff74207a-0eaf-41df-969c-f9496d18e9be,lenient.spot,available,25.98,31.98,high,low,7,namecheap,,,22/08/2026 23:46
8ee88695-3dcb-40a7-950d-ae121f015e21,rummy.spot,available,25.98,31.98,high,low,5,namecheap,,,13/08/2026 11:16
986e84b9-b74e-459a-912f-d9e7302b9ce5,quite.spot,premium,625,,high,low,5,name.com,,,
917c7add-5556-44bf-a726-f470649c03e3,anatropous.spot,available,25.98,31.98,medium,low,10,namecheap,,,
a179ebfc-d163-448f-9a2f-860fae3faf19,pugnacious.spot,available,25.98,31.98,medium,low,10,namecheap,,,21/08/2026 00:21
57e7009a-e8a1-4d61-bdf6-cb1f6348041b,pcp.spot,premium,1107,1107,high,low,3,namesilo,,,19/09/2026 05:52
c385bae9-7a5c-4fb7-93d0-e9daacd3416f,massively.spot,available,25.98,31.98,high,low,9,namecheap,,,15/09/2026 13:35
36c894b8-122e-4a9a-a56d-3ad3bac80fd1,coalition.spot,premium,130,130,high,low,9,namecheap,,,18/09/2026 07:45
577ce819-6845-4245-af3b-a547855ff0d4,typed.spot,available,25.99,25.99,high,low,5,namesilo,,,17/09/2026 22:44
aeabf7f9-a246-4805-8ec2-8234c7ad0d87,delusive.spot,available,25.98,31.98,medium,low,8,namecheap,,,14/08/2026 00:53
fac73455-a074-4fb4-8191-cd79668166fb,myoid.spot,available,25.98,31.98,low,low,5,namecheap,,,03/09/2026 12:10
3a5c0b89-cdf2-440c-bc3f-b190c7f28f1d,kills.spot,premium,650,650,medium,low,5,namecheap,,,25/09/2026 21:19
09add619-4739-4017-860e-ef88e76ee9be,exempt.spot,premium,116,116,high,low,6,namesilo,,,17/08/2026 17:02
b31b50ac-45ba-4297-a80f-49d3c91ba36f,atropos.spot,available,25.99,25.99,medium,low,7,namesilo,,,21/09/2026 01:01
32c6eec1-6fff-4e79-a9b8-f1c0b5db01d7,former.spot,premium,130,130,high,low,6,namecheap,,,24/09/2026 21:24
39a4459b-1186-4f13-b9e5-fdca19712027,corrosive.spot,available,25.98,31.98,high,low,9,namecheap,,,13/08/2026 02:07
ef700f91-d639-4a56-a60a-d5f92c76ee3d,triumphal.spot,available,25.98,31.98,high,low,9,namecheap,,,17/08/2026 19:54
f27ceff7-4afb-4aa1-905d-6444f11a6f81,anaclitic.spot,available,25.98,31.98,medium,low,9,namecheap,,,
1c29d417-18d2-4999-b1ca-1fadde936f02,aloneness.spot,available,25.98,31.98,medium,low,9,namecheap,,,18/09/2026 13:12
19fa8669-8108-43d1-829d-b8a274847a82,duly.spot,available,25.98,31.98,high,low,4,namecheap,,,14/09/2026 14:47
007b1991-958e-46ff-b43d-cf67af0b5ba7,crummy.spot,available,25.98,31.98,medium,low,6,namecheap,,,11/08/2026 09:02
a162a7cd-a594-4512-95e2-242f7d8659b5,force.spot,premium,640,640,high,low,5,namesilo,,,24/09/2026 23:13
494d8e20-9d63-4170-9bf9-a92d20e7f965,bowery.spot,available,25.98,31.98,high,medium,6,namecheap,,,10/08/2026 23:13
e93bbc73-3a59-4c23-9c9c-9ff21414dfdc,uneasy.spot,available,25.98,31.98,medium,low,6,namecheap,,,21/08/2026 19:45
a74a1c16-8b8b-4bff-a3d3-99298b8fe390,blinding.spot,available,25.98,31.98,high,low,8,namecheap,,,10/08/2026 13:42
6b97fe2e-af57-4e5f-8747-c55aa2757f64,monkfish.spot,available,25.99,25.99,medium,low,8,namesilo,,,18/09/2026 11:42
b08e2684-ae40-476d-8768-92aab77fa152,pitt.spot,available,25.99,25.99,high,low,4,namesilo,,,25/09/2026 06:04
49e48b84-a9f9-4130-ac1c-1a3b51aae199,dismiss.spot,available,25.99,25.99,high,low,7,namesilo,,,
ffd8a445-6f88-43e6-83bc-f9391bf436ec,celebration.spot,premium,130,130,high,low,11,namecheap,,,27/09/2026 02:20
83de91e3-8ffd-441e-8d33-2c4aa9a6d0f6,ventolin.spot,available,25.99,25.99,high,low,8,namesilo,,,18/09/2026 03:33
82d8228d-bfb3-4ee1-9982-1152f3256542,goodish.spot,available,25.98,31.98,medium,low,7,namecheap,,,20/08/2026 16:34
3c0ed1a7-8cc2-42c0-b770-515424de428e,seaworthy.spot,premium,116,116,high,low,9,namesilo,,,10/09/2026 01:05
0377a254-72dd-48fd-a82d-178e7c84f6a9,lucius.spot,premium,116,116,high,low,6,namesilo,,,25/09/2026 15:11
cad7e173-0b4a-4632-a598-7ffae0e80282,petallike.spot,available,25.98,31.98,medium,low,9,namecheap,,,08/09/2026 18:13
bb3ef3cd-6bc6-4f65-94d4-0742f7215cd1,spite.spot,available,25.99,25.99,high,low,5,namesilo,,,23/09/2026 22:22
0eda5ca9-e795-4862-9a9d-ce62a2dd4341,important.spot,premium,116,116,high,low,9,namesilo,,,22/09/2026 13:54
66fc8ac2-31de-416b-b065-8cc490e40388,pronghorn.spot,available,25.98,31.98,medium,low,9,namecheap,,,18/09/2026 19:07
e8687450-a655-429e-84a5-9f4363084878,clxv.spot,available,25.98,31.98,medium,low,4,namecheap,,,
a9971cc7-f45a-4a2e-a86a-81bf16ffbbad,beamy.spot,available,25.98,31.98,medium,low,5,namecheap,,,09/08/2026 04:18
23db6e57-0349-415d-882b-95fcb3166dc4,adenovirus.spot,available,25.99,25.99,medium,low,10,namesilo,,,17/09/2026 07:41
61de1189-81ca-4da5-a9ef-da4274129627,absolutist.spot,available,25.98,31.98,high,low,10,namecheap,,,
28e4c8b3-d583-4fdc-8739-a945132975db,decisions.spot,premium,130,130,medium,low,9,namecheap,,,25/09/2026 21:16
ddc2a0d7-02f5-4f04-896d-d1654710a83a,lithuania.spot,available,,,high,high,9,,,,
7e4636a5-6415-4e95-a2d9-ba2584f23b6f,lutzen.spot,available,25.98,31.98,medium,low,6,namecheap,,,22/09/2026 15:24
96496d8e-b999-4e6d-a8fa-9d044acb244a,bored.spot,premium,640,640,high,low,5,namesilo,,,23/09/2026 00:16
7ee91e80-ca3f-4db3-b9f4-e41945afd1ad,spoke.spot,premium,640,640,high,low,5,namesilo,,,25/09/2026 10:31
4f51b6eb-8d7d-43d8-9235-ed6f729b478d,villain.spot,available,25.98,31.98,high,low,7,namecheap,,,21/09/2026 16:58
7fb3f4cd-4e77-4801-9269-2429b2827f51,humpback.spot,premium,116,116,medium,low,8,namesilo,,,13/08/2026 07:47
241a437a-dec7-4e18-afc3-fde2180cc2d0,annulus.spot,available,25.98,31.98,high,low,7,namecheap,,,19/09/2026 03:40
f794616c-94cd-4c7a-9e70-53a21986f910,questions.spot,premium,116,116,high,low,9,namesilo,,,24/09/2026 10:21
711c3f2d-f654-40f4-bd00-1783d7a189bd,stage.spot,premium,625,,high,medium,5,name.com,,,
8a427b31-d7ee-4365-8c97-8fbb625c1e4d,streamed.spot,available,25.99,25.99,high,low,8,namesilo,,,20/09/2026 17:18
6ded342b-2550-4980-bcd2-3e37dae9acdd,bed.spot,premium,3125,,high,low,3,name.com,,,
688e27a4-e278-425e-b497-4af3a24a3daa,antitoxic.spot,available,25.98,31.98,medium,low,9,namecheap,,,05/08/2026 19:55
0061a549-4dec-4084-9d29-0574505b1212,malone.spot,available,25.98,31.98,high,low,6,namecheap,,,25/09/2026 05:13
07b3f255-4b96-4280-a925-028beddc0e0c,thenar.spot,available,25.98,31.98,medium,low,6,namecheap,,,11/09/2026 12:51
ceb9ec7c-3ffe-4b3b-b783-1c43c5448bd7,thong.spot,premium,625,,high,low,5,name.com,,,
a4c1f36b-98cb-4b43-a815-2fe4683ddd02,unfeasible.spot,available,25.98,31.98,medium,low,10,namecheap,,,21/08/2026 22:56
58099654-8a0c-4051-8092-c7c2ec9e1968,richly.spot,available,25.98,31.98,high,low,6,namecheap,,,13/09/2026 19:38
aae4bad5-8025-440a-8f47-9aced82412fd,assamese.spot,available,25.98,31.98,medium,low,8,namecheap,,,07/08/2026 05:38
c7197c95-1ae4-4349-b4e1-2ba8c11fe9dc,garcia.spot,premium,130,130,high,low,6,namecheap,,,25/09/2026 20:50
4499bfa7-50ef-41e9-b8e8-a28927a58965,explicable.spot,available,25.98,31.98,medium,low,10,namecheap,,,17/08/2026 18:23
c7f04331-fc6b-4847-9ec2-1578ea1f1096,misplaced.spot,available,25.98,31.98,medium,low,9,namecheap,,,25/08/2026 01:32
118d7213-14b0-48d7-9e91-0ec4c8efa08a,integrated.spot,premium,130,130,high,low,10,namecheap,,,25/09/2026 08:05
41261d70-e09b-4fba-84dc-a04dcc12107c,laconic.spot,available,25.98,31.98,medium,low,7,namecheap,,,22/08/2026 18:14
f402ea1d-1578-4e5e-b5ec-1d2e69fef062,biotic.spot,available,25.98,31.98,high,low,6,namecheap,,,10/08/2026 03:14
4f7f27fc-a789-493b-8c8d-9c358992071a,ataturk.spot,available,25.99,25.99,high,low,7,namesilo,,,20/09/2026 19:44
6aa5593d-2e47-4715-9414-1240207f4da0,mitral.spot,available,25.98,31.98,medium,low,6,namecheap,,,25/08/2026 02:10
09166126-4aab-424b-8a3f-e971271d0882,swart.spot,available,25.98,31.98,medium,low,5,namecheap,,,11/09/2026 05:22
0467c270-cb0d-4160-9e65-7b151c09c7f0,rabid.spot,available,25.98,31.98,medium,low,5,namecheap,,,17/08/2026 21:52
c80fb21c-602c-49c4-83b5-042c45b76e84,abductor.spot,available,25.99,25.99,medium,low,8,namesilo,,,16/09/2026 14:54
135a0b4d-84b4-45ec-a919-df67f51a0baa,sensation.spot,available,25.99,25.99,high,low,9,namesilo,,,21/09/2026 17:34
c70f1c7f-4c18-47ff-b99e-e5c658257116,collapses.spot,available,25.99,25.99,low,low,9,namesilo,,,20/09/2026 09:36
5bb8fa57-98a3-4b79-b9f0-5181383c98dc,alchemical.spot,available,25.98,31.98,medium,low,10,namecheap,,,
285eae6f-b4d0-4668-bf6c-67cae402a835,proved.spot,premium,116,116,high,low,6,namesilo,,,27/09/2026 07:48
c3527bf9-99d5-44a4-8238-9de48c76c22d,clonal.spot,available,25.98,31.98,medium,low,6,namecheap,,,12/08/2026 12:01
ffbf1ee8-520f-4a17-9040-411114325a60,endocrine.spot,available,25.98,31.98,high,low,9,namecheap,,,17/08/2026 01:00
2b0c666e-239a-43fc-88bd-8b9f2cabb0bf,bacterial.spot,premium,125,125,high,low,9,name.com,,,22/09/2026 16:00
86463f1d-69f5-4890-9c32-5e25623d5ed6,education.spot,premium,640,640,high,low,9,namesilo,,,25/09/2026 10:41
710b6205-b39d-44d2-87b4-896df6b584e5,thorough.spot,premium,116,116,high,low,8,namesilo,,,17/08/2026 17:10
c471a937-a327-4acd-83b5-482fa6c022fe,airworthy.spot,available,25.98,31.98,medium,low,9,namecheap,,,
ea0b1fec-8792-45df-b96b-1bfdd8d45774,excavate.spot,available,25.98,31.98,high,low,8,namecheap,,,21/08/2026 10:33
995e87cc-b618-4a95-8f83-dbd46ef13258,vacant.spot,resell,,,high,low,6,Porkbun LLC,19/05/2025 13:00,19/05/2027 13:00,26/09/2026 09:55
b9ef5489-5cea-4020-856d-c34e8b999dc7,soulful.spot,available,25.98,31.98,high,low,7,namecheap,,,10/09/2026 14:42
97684980-255c-4e20-bfe7-b210c086463f,hopefully.spot,premium,125,,high,low,9,name.com,,,
cf7af404-95f5-40b0-a19f-828a5547f0dc,groups.spot,premium,125,,high,low,6,name.com,,,
b633eb1f-8eae-4c4c-ae7a-3512436024bd,journal.spot,premium,130,130,high,low,7,namecheap,,,19/09/2026 18:05
4c5ce144-665e-462d-a03a-b9f4bb6abbbc,cruddy.spot,available,25.98,31.98,medium,low,6,namecheap,,,13/08/2026 08:44
74026529-45e3-4a77-b40c-ac0c7b2fbaf4,unfortunately.spot,premium,116,116,medium,low,13,namesilo,,,
14e78ae2-3572-4d3d-a13b-d32a942e7297,artificer.spot,available,25.99,25.99,high,low,9,namesilo,,,20/09/2026 11:38
8a9da545-9f97-42f7-b7d2-7dd5acf0f6c5,respecting.spot,available,31.98,,medium,low,10,namecheap,,,
bafccc66-043e-4862-b847-441b757a5bca,shelf.spot,premium,625,,high,low,5,name.com,,,
f6dc844b-689e-4092-9127-33052c14bcde,choosey.spot,available,25.98,31.98,medium,low,7,namecheap,,,12/08/2026 06:55
4d0054d9-cdaf-43b4-92c2-8b15e6e3d0f1,artaxerxes.spot,available,25.99,25.99,medium,low,10,namesilo,,,20/09/2026 10:06
958b294f-73d3-4f9b-946e-a4f7e7b9aac2,wound.spot,premium,625,,high,low,5,name.com,,,
719fc139-0f76-4157-9941-24d82912527c,immutable.spot,available,25.98,31.98,high,low,9,namecheap,,,12/08/2026 01:57
5ac26d64-f489-4707-8c61-ac4b26412dd6,thanks.spot,premium,125,,high,low,6,name.com,,,
d43697ad-cfac-423d-b708-6ceaede973ea,search.spot,available,,,high,medium,6,,,,
fb0a3e56-32ad-49c6-89ca-e44afa6fe41b,unknowing.spot,available,25.98,31.98,medium,low,9,namecheap,,,12/09/2026 14:22
d222787c-5a54-46e5-aa12-0dd7441b131f,flavorsome.spot,available,25.98,31.98,medium,low,10,namecheap,,,18/08/2026 07:12
f4d1d759-19fc-4208-a19e-947dfb7714f6,why.spot,premium,3450,3450,high,low,3,namesilo,,,25/09/2026 10:59
701dd854-ebcf-4275-8c2f-61f1306c94bf,whitener.spot,available,25.99,25.99,medium,low,8,namesilo,,,24/09/2026 03:50
8f6c882f-6a17-4a0b-aaab-ee1ec715030a,rustic.spot,available,25.98,31.98,high,low,6,namecheap,,,
e54d6753-96af-4ead-85cb-9a54f39896d4,unkept.spot,available,25.98,31.98,medium,low,6,namecheap,,,12/09/2026 14:09
f94fb2b2-8a8d-42dc-ab08-dcf856820852,area.spot,premium,1107,1107,high,low,4,namesilo,,,
b089a100-d8b2-488a-be14-2233a4fe1a7d,reward.spot,premium,130,130,high,low,6,namecheap,,,25/09/2026 07:57
b94ab2a7-f8ae-4d99-b7aa-2977c68de60d,exchanging.spot,available,25.98,31.98,medium,low,10,namecheap,,,20/09/2026 00:55
585b5042-58fc-48c7-af84-074cd7d4fd25,tightly.spot,available,25.99,25.99,medium,low,7,namesilo,,,16/09/2026 09:06
3fdf1b87-0110-4bb9-8018-61c8aa8e605b,esthesis.spot,available,25.99,25.99,medium,low,8,namesilo,,,17/09/2026 13:28
eb08511c-6edd-46b6-81f1-dbd6f6003673,ponderable.spot,available,25.98,31.98,medium,low,10,namecheap,,,12/08/2026 15:42
1362c55e-d846-4f5f-aa7a-24728ae555be,texts.spot,premium,650,650,medium,low,5,namecheap,,,18/09/2026 23:56
ef568a05-98c5-4c4f-a354-5c7e5f4da2c7,theistic.spot,available,25.98,31.98,medium,low,8,namecheap,,,11/09/2026 12:41
f505391e-f058-4c75-8543-33f9b16ae793,armorer.spot,available,25.99,25.99,medium,low,7,namesilo,,,20/09/2026 07:29
b1f9345f-1929-4ac9-9b64-2cca000af20e,downstream.spot,premium,125,125,high,low,10,name.com,,,14/08/2026 17:59
6e8f0875-8073-4815-ac50-a3ea83379517,invigorate.spot,available,25.99,25.99,high,low,10,namesilo,,,22/09/2026 04:52
3c6f3c62-a7d5-4fa1-b251-2e04f7b1b544,bones.spot,premium,625,,high,low,5,name.com,,,
c1bd1647-1f33-4e38-8a8a-f3d7632ec9e2,constraint.spot,premium,116,116,high,low,10,namesilo,,,24/09/2026 17:34
73a0a1e6-f370-4b7b-89f0-0cabcf6e85e2,wittingly.spot,available,25.98,31.98,medium,low,9,namecheap,,,15/09/2026 10:32
dcd1c2d1-82e1-4e65-9a37-88a53b6aceb1,ingrained.spot,available,25.98,31.98,high,low,9,namecheap,,,13/08/2026 22:49
cee55e6d-92cd-4456-833f-63ab15408992,bundle.spot,premium,116,116,high,low,6,namesilo,,,
4c69e335-5cbc-432a-81dc-74f2746f2691,arthritis.spot,premium,130,130,high,low,9,namecheap,,,20/09/2026 10:37
d579d861-2a9c-4b81-a7d6-2920d87524f4,ongoing.spot,premium,116,116,high,low,7,namesilo,,,04/09/2026 13:59
b5b23a90-40db-43a8-8c81-2c7e87853255,sparely.spot,available,25.98,31.98,medium,low,7,namecheap,,,16/09/2026 05:49
aa578082-d424-465b-8898-fc8d2bea66b7,glittery.spot,available,25.98,31.98,high,low,8,namecheap,,,
c0b45268-4e1c-4986-8777-4e5ff775e040,scuffle.spot,available,25.98,31.98,high,medium,7,namecheap,,,09/09/2026 18:54
2812dbef-c98d-4332-b83d-4780dd04b8d3,bennington.spot,available,25.99,25.99,high,low,10,namesilo,,,23/09/2026 08:33
553ef731-a215-43c0-a6d3-183303068094,spindly.spot,available,25.98,31.98,high,medium,7,namecheap,,,10/09/2026 15:39
c12e7f6f-0a4a-403c-9458-598baf1110e8,duke.spot,premium,1107,1107,high,low,4,namesilo,,,
795e2b83-eb6a-49c1-aaa8-2cfa38e76461,attribute.spot,premium,130,130,high,low,9,namecheap,,,21/09/2026 02:16
eac49e5b-edb2-477a-b62b-5a1c81f4a4f8,rum.spot,premium,1107,1107,high,low,3,namesilo,,,13/08/2026 11:11
3293b64c-19fb-4f9b-a59c-1e8b340ea22b,miocene.spot,available,25.99,25.99,high,low,7,namesilo,,,25/09/2026 23:43
a6b55367-8ab7-400e-856a-61d8fab79c52,tongues.spot,available,25.99,25.99,medium,low,7,namesilo,,,18/09/2026 07:52
8e2b53f3-05da-4ea5-9525-efdafe4b7095,crackle.spot,available,25.98,31.98,high,low,7,namecheap,,,13/08/2026 04:25
f6fb7fe7-eab0-4ece-aa36-4fee0346f282,lactating.spot,available,25.98,31.98,medium,low,9,namecheap,,,22/08/2026 18:18
963845a7-2187-43ac-a1e5-666214bfb741,putrid.spot,available,25.98,31.98,high,medium,6,namecheap,,,09/09/2026 06:43
cc1cc018-b866-4a97-842a-e01225e2940e,since.spot,premium,625,,high,low,5,name.com,,,
64c4012a-0876-451c-9a30-b343e4be6182,nub.spot,premium,1107,1107,high,low,3,namesilo,,,14/09/2026 23:53
5b362712-dc1f-4180-87e9-f39811d9c24f,substantial.spot,premium,116,116,high,low,11,namesilo,,,
4db71ad3-c1ae-4ae6-81b1-5272249e3310,chairmen.spot,available,25.99,25.99,medium,low,8,namesilo,,,18/09/2026 22:56
af0a62d4-d3cc-444d-ab3f-eb84ce5d86b7,adhd.spot,available,25.99,25.99,high,medium,4,namesilo,,,17/09/2026 06:35
244d8811-b307-464e-a85e-dcde723bcd83,bailor.spot,available,25.98,31.98,medium,low,6,namecheap,,,21/09/2026 19:14
c88d4cf8-11fd-4e89-95d4-8f4e9f3d3fd4,stradivari.spot,available,25.98,31.98,medium,low,10,namecheap,,,19/09/2026 15:41
ab8d4e3d-b4f6-40ba-85dd-4632acdf488f,hirsute.spot,available,25.98,31.98,medium,low,7,namecheap,,,20/08/2026 22:11
f9386d19-0662-4d37-a0d0-2d5cd7f27a48,revelation.spot,premium,125,,high,low,10,name.com,,,
303b65f4-ce44-4439-86df-fa7cb3304585,atypical.spot,available,25.98,31.98,high,low,8,namecheap,,,07/08/2026 16:06
3885a15d-fbe8-4612-8bad-d44fd9a15dea,allopathic.spot,available,25.98,31.98,medium,low,10,namecheap,,,
1d5af896-11fa-4731-8baa-01f6a7c01220,sweets.spot,available,25.99,25.99,high,low,6,namesilo,,,
cf2321b3-41d5-4bcd-a2fa-8bd25e256d1d,supermarket.spot,premium,116,116,high,low,11,namesilo,,,
6149b181-8a5a-482f-9f2e-37088b205d7c,uuq.spot,premium,1107,1107,medium,low,3,namesilo,,,20/09/2026 22:18
463db1fd-1036-4ba8-96a9-84056b9700a0,squishy.spot,available,25.98,31.98,high,low,7,namecheap,,,10/09/2026 16:26
842e992a-ff94-4de0-b2d1-19982ea1a6ee,para.spot,premium,1107,1107,high,low,4,namesilo,,,23/09/2026 04:51
0dd92fe7-7723-4d12-b422-38ced5d6097b,magnificent.spot,premium,116,116,high,low,11,namesilo,,,25/09/2026 11:17
a9506a91-3bcb-45e6-9f6e-598664292073,pallor.spot,available,25.99,25.99,medium,low,6,namesilo,,,17/09/2026 01:07
d45b1ba9-74a3-4e10-9182-ff0141509048,attentions.spot,available,25.98,31.98,medium,low,10,namecheap,,,19/09/2026 21:27
038c9dec-4e4a-4b7d-b060-42e59b75a165,blighted.spot,available,25.98,31.98,medium,low,8,namecheap,,,10/08/2026 14:17
11a7fda9-d603-4242-b1d8-c8f2bbca0bf1,fearful.spot,available,25.99,25.99,medium,low,7,namesilo,,,24/09/2026 01:08
e582c9c4-a668-4262-8d35-b2abfaab7979,birdseed.spot,available,25.98,31.98,high,low,8,namecheap,,,23/09/2026 19:50
69629b43-6898-40bd-a607-b8fca4359623,checkpoint.spot,available,25.99,25.99,high,low,10,namesilo,,,24/09/2026 14:03
b166090e-62cb-4271-a7fc-d4ce5fc65f1c,sheathed.spot,available,25.98,31.98,high,medium,8,namecheap,,,10/09/2026 06:12
22c19de0-a560-4ee1-9aef-172569d47a45,flattering.spot,available,25.98,31.98,high,low,10,namecheap,,,18/08/2026 06:57
23638219-3cc5-4ac1-9902-b981a1684840,convert.spot,premium,130,130,high,low,7,namecheap,,,24/09/2026 17:55
934c0dd0-a87d-4779-b9dc-54cf796835d0,appear.spot,premium,116,116,high,low,6,namesilo,,,
7d66a2b1-aa77-47ce-9256-2fbb8e1d06b6,activator.spot,available,25.99,25.99,high,low,9,namesilo,,,17/09/2026 05:10
8592e1b8-3fca-485e-bfe0-9589be0462f4,mentoring.spot,available,25.99,25.99,high,low,9,namesilo,,,26/09/2026 00:53
50a98222-a715-4ec8-97b2-4721dc7782b7,perinatal.spot,available,25.98,31.98,medium,low,9,namecheap,,,08/09/2026 17:07
7ac6dc13-f65a-440d-a29e-165c0239403e,grass.spot,premium,625,,high,low,5,name.com,,,
4956f4bd-18d2-43a5-879e-f58525b3be2e,fail.spot,premium,1107,1107,high,low,4,namesilo,,,
071c192f-2c6a-4ddd-9dbf-052f2800b729,barbell.spot,available,25.99,25.99,high,low,7,namesilo,,,22/09/2026 04:49
00b1d35a-569a-45c4-898b-077676c07a0b,becket.spot,available,25.98,31.98,high,low,6,namecheap,,,22/09/2026 22:36
c2acdb62-9472-4ef4-8e38-19ddb2203b7d,variation.spot,premium,116,116,high,low,9,namesilo,,,03/09/2026 11:43
7e9e6699-e5f1-4f73-b63b-7e969d692b0a,glaucous.spot,available,25.98,31.98,medium,low,8,namecheap,,,20/08/2026 14:16
1301c827-36fd-413f-88e2-81a525cb2a7a,swan.spot,premium,116,116,high,low,4,namesilo,,,10/09/2026 22:05
9f9a156a-6742-450f-9a99-634c22d87b83,bize.spot,available,25.99,25.99,medium,low,4,namesilo,,,23/09/2026 21:41
dbf30ed6-2562-48be-b74c-cf7239bfc500,fatalist.spot,available,25.98,31.98,medium,low,8,namecheap,,,17/08/2026 23:29
c2888879-345c-4574-82d0-b16fa89fc15a,jill.spot,premium,1300,1300,high,low,4,namecheap,,,25/09/2026 11:32
6ce231c7-9bad-4e65-abb7-f8fe80d16f3c,serrate.spot,available,25.98,31.98,medium,low,7,namecheap,,,03/09/2026 22:06
c9ae9ea6-68dd-4474-8bd8-bd4df6c2a204,anopheles.spot,available,25.99,25.99,medium,low,9,namesilo,,,19/09/2026 11:39
950ee03e-5d13-4a79-92aa-0d19e48f93cb,backfire.spot,available,25.99,25.99,high,low,8,namesilo,,,21/09/2026 15:28
3c180ad7-ad62-42a9-97c9-8930bb26989a,packer.spot,available,25.98,31.98,high,low,6,namecheap,,,21/09/2026 15:45
8650f35d-f97c-41c8-ae6d-d8220b2ad52b,employable.spot,available,25.98,31.98,high,low,10,namecheap,,,16/08/2026 18:22
ba2a57c1-4ecc-4a43-97ad-0e91cdc26d63,alosa.spot,available,25.99,25.99,medium,low,5,namesilo,,,18/09/2026 13:26
c244fd16-1f7d-4e93-964f-86046fad934b,ashcan.spot,available,25.99,25.99,medium,low,6,namesilo,,,20/09/2026 13:35
3df95fb7-67b1-4a59-b2b5-f62720c4a3d6,eviscerate.spot,available,25.98,31.98,medium,low,10,namecheap,,,17/08/2026 15:10
acaad199-cf72-402f-b5bf-853ca83bb7bd,aerofoil.spot,available,25.99,25.99,medium,low,8,namesilo,,,17/09/2026 13:00
120317bd-0886-4732-a4a2-864c0c2efe71,satyrical.spot,available,25.98,31.98,medium,low,9,namecheap,,,09/09/2026 21:57
ecaa32b9-4586-4d9d-a419-860e2432a5a3,screening.spot,premium,130,130,high,low,9,namecheap,,,
18bc3c31-69c6-4296-866b-80252aab5d9d,fraudulent.spot,available,25.98,31.98,medium,low,10,namecheap,,,13/08/2026 21:10
60620456-e9b2-4964-bf3a-fcf4e1eef7d2,tantalum.spot,available,25.99,25.99,medium,low,8,namesilo,,,20/09/2026 23:42
b8ef074b-471c-49d2-b91a-402b9700b93f,girlish.spot,available,25.98,31.98,high,low,7,namecheap,,,18/08/2026 23:59
70bbe3e3-f1db-42f4-b880-f4c8c430ee8c,shahn.spot,available,39.99,39.99,high,low,5,name.com,,,23/09/2026 07:28
583b2be7-d87d-45a8-bf05-5f4c5b199da5,kosher.spot,premium,625,625,high,low,6,name.com,,,13/08/2026 02:45
df1529b8-5605-49eb-b749-d852daf2043c,surgical.spot,premium,116,116,high,low,8,namesilo,,,11/09/2026 04:01
966a02db-03a3-44ae-87fc-26bc69b99a9c,newfound.spot,premium,116,116,medium,low,9,namesilo,,,08/09/2026 04:48
c4ba988f-2b2b-415f-a431-e83a58a432e3,mealy.spot,available,25.98,31.98,medium,low,5,namecheap,,,12/08/2026 14:05
6b2dc12d-9baa-4a34-8fd8-95adba64b962,autogiro.spot,available,25.99,25.99,medium,low,8,namesilo,,,21/09/2026 06:22
7839818f-fa74-468f-a35a-35b1d3408eda,impound.spot,available,25.98,31.98,high,low,7,namecheap,,,12/08/2026 21:04
fbe644a9-1a9b-43e1-8360-8fa98e1abcd1,humour.spot,premium,116,116,high,low,6,namesilo,,,24/09/2026 06:31
dd61007f-814c-44c6-90b2-9db749882ac0,folksy.spot,available,25.98,31.98,high,low,6,namecheap,,,13/08/2026 04:22
7258851c-a6b1-4abe-84c6-3dae3f976e8a,eliot.spot,premium,116,116,high,low,5,namesilo,,,25/09/2026 05:27
190bf25a-97cc-481c-b377-07fb97a57815,panoptic.spot,available,25.98,31.98,medium,low,8,namecheap,,,
99c86d01-6ea8-4ec8-819e-25957dd7ea27,orr.spot,premium,1107,1107,high,low,3,namesilo,,,27/09/2026 03:21
83f47dbd-95a3-4294-9736-40a71afb7a75,moated.spot,available,25.98,31.98,medium,low,6,namecheap,,,25/08/2026 02:14
cb298de2-3470-4621-9a3b-6c3b09d5f9cd,verifying.spot,available,25.98,31.98,high,low,9,namecheap,,,12/08/2026 20:56
4496e1a5-2b4c-42b2-9a6e-9176e2cc232b,plot.spot,premium,1107,1107,high,low,4,namesilo,,,24/09/2026 22:09
43210b92-72a6-4672-a693-0dede59bd49d,mode.spot,premium,1107,1107,high,low,4,namesilo,,,
41ca6fb1-4c3f-43bc-8db9-813679d8757b,drycleaning.spot,available,25.99,25.99,high,low,11,namesilo,,,21/09/2026 04:39
86720c84-9237-483a-a920-e096a331fe28,newborn.spot,premium,116,116,high,low,7,namesilo,,,03/09/2026 16:41
570d3f9d-1715-4f32-97b9-197a14fd630f,repeal.spot,available,25.99,25.99,high,low,6,namesilo,,,16/09/2026 17:15
fbd2ffa1-d71d-4265-9869-6b25c1f6429f,sublimed.spot,available,25.98,31.98,medium,low,8,namecheap,,,11/09/2026 00:03
09e08b6d-a3c9-4912-8c61-84f0ba3bcb93,mousy.spot,available,25.98,31.98,medium,low,5,namecheap,,,25/08/2026 08:42
b22bf408-444b-4660-bdfc-07ae206ca330,praying.spot,available,25.99,25.99,high,low,7,namesilo,,,27/09/2026 06:47
ae78a2f0-9392-44ec-98e3-5afeafb0e9cb,nascent.spot,available,25.98,31.98,high,low,7,namecheap,,,03/09/2026 13:35
0761eee6-ba83-4d24-971d-d6e8819097cb,aids.spot,premium,1107,1107,high,low,4,namesilo,,,
cebafc38-e254-47cf-8961-32141277bb79,algonquin.spot,available,25.98,31.98,high,low,9,namecheap,,,
45dc0447-3d82-4966-952c-fd76a0c4cdf2,colonised.spot,available,25.98,31.98,medium,low,9,namecheap,,,12/08/2026 17:25
c388b0c9-1207-4ab4-a215-5c0cd7776047,audrey.spot,premium,130,130,high,low,6,namecheap,,,25/09/2026 14:38
b0c62a89-3891-49b1-91b8-c7c6ebf4d333,censor.spot,available,25.99,25.99,high,low,6,namesilo,,,22/09/2026 00:43
3711a1a2-a29d-464b-9ecc-c4a3087da0ac,snip.spot,available,25.99,25.99,high,low,4,namesilo,,,24/09/2026 15:44
0a792b65-c945-4395-b8fc-1901d4b8dfaa,foremost.spot,premium,116,116,high,medium,8,namesilo,,,18/08/2026 05:18
d25bb765-0019-4728-96aa-63eecf4d5cba,slapstick.spot,premium,116,116,high,low,9,namesilo,,,10/09/2026 10:03
35afe49b-b5ef-4d3d-818d-5f2e7004ba59,malar.spot,available,25.98,31.98,medium,low,5,namecheap,,,13/09/2026 15:43
eceae8f1-df45-4683-8b5b-8a875b3cbb14,sunlight.spot,premium,125,,high,low,8,name.com,,,
04c16870-a589-4fa5-b90d-3051c1a31f19,alger.spot,available,25.99,25.99,high,low,5,namesilo,,,18/09/2026 06:56
bbfb3abf-f133-4659-9f49-b8e83629a9c8,again.spot,premium,625,,high,low,5,name.com,,,
90022a2b-29de-4155-83b0-c865b3f22bbc,carping.spot,available,25.98,31.98,medium,low,7,namecheap,,,18/08/2026 00:03
dcc2d6f3-f496-473b-94b0-6fb044e217cf,nineties.spot,available,25.98,31.98,medium,low,8,namecheap,,,16/09/2026 12:01
8aa35c8b-e64e-4821-83f0-3a388a04a627,cautious.spot,available,25.98,31.98,high,low,8,namecheap,,,11/08/2026 22:44
56d417d4-25a0-4064-b0e5-bfc16eb97d68,ransom.spot,available,25.98,31.98,medium,low,6,namecheap,,,27/09/2026 05:07
12fec1a7-386a-4f7e-be0a-4e886658c75a,saxon.spot,available,25.98,31.98,high,low,5,namecheap,,,09/09/2026 22:11
0c09ca6a-bac6-4af1-aabe-dca4915a7a4b,idolized.spot,available,25.98,31.98,medium,low,8,namecheap,,,
49a7aa31-bcc0-4a34-b9a1-7eb2c2bd622d,perverted.spot,available,25.98,31.98,medium,low,9,namecheap,,,14/08/2026 02:36
44a8957d-0c87-4b14-a529-2cf679a95d4b,verb.spot,available,25.99,25.99,high,low,4,namesilo,,,
0ddd7cf5-05eb-4b64-bbb6-ef6fe6d09232,manque.spot,available,25.98,31.98,medium,low,6,namecheap,,,24/08/2026 15:28
c7687256-9573-4d26-8270-ce4d3cc9bc71,midday.spot,available,25.99,25.99,high,low,6,namesilo,,,
c8012e7e-0064-4a05-89d0-d2dca7198c54,sixteenth.spot,available,25.98,31.98,high,low,9,namecheap,,,
75209fb4-fb18-40e4-afa4-aab2cb84710f,gloves.spot,premium,116,116,high,low,6,namesilo,,,25/09/2026 19:42
efdaee59-6e7f-4387-bfa4-71a179ad7cf8,decides.spot,available,25.99,25.99,medium,low,7,namesilo,,,20/09/2026 06:39
7d6ce67b-9d52-44ee-b53f-3fdb89611e89,wrench.spot,available,25.99,25.99,high,low,6,namesilo,,,
1358c76a-497d-494c-b8dc-8779276632a0,salt.spot,premium,1250,,high,low,4,name.com,,,
2ecf2273-7099-47fc-bff6-660a618543ac,middleton.spot,premium,116,116,high,low,9,namesilo,,,25/09/2026 09:23
788af0e8-4e86-4863-be93-ffe464aae15b,decayable.spot,available,25.98,31.98,low,low,9,namecheap,,,13/08/2026 20:54
cae3b3d9-6fd2-4e00-911c-a0546206618d,recessions.spot,available,25.99,25.99,low,low,10,namesilo,,,21/09/2026 06:29
4b05bacd-9744-434a-bd3b-4e7c6e56d880,merchandise.spot,premium,116,116,high,low,11,namesilo,,,25/09/2026 14:54
600e6e7d-ff52-4f00-a34f-a1ceb4dc35c9,confidante.spot,available,25.99,25.99,high,low,10,namesilo,,,24/09/2026 17:12
cb8cafe8-3c58-40a5-9792-3ec02e3ea717,colly.spot,available,25.98,31.98,medium,low,5,namecheap,,,14/08/2026 09:17
2779ea0e-afaf-4432-8067-d8604e71882d,clowning.spot,available,25.99,25.99,high,low,8,namesilo,,,
d116b7e2-f232-4e67-971e-1f4562ea8d62,guyanese.spot,available,25.98,31.98,high,low,8,namecheap,,,20/08/2026 21:17
4ab72846-4366-4e1d-8933-345fe0148218,sami.spot,premium,130,130,high,medium,4,namecheap,,,09/09/2026 21:06
8f7f1980-7ebd-440b-a15d-615747489c55,heaps.spot,available,25.98,31.98,high,low,5,namecheap,,,14/09/2026 23:17
e1cad14d-8b49-4210-957d-cd88722a8bf1,advocacy.spot,premium,130,130,high,low,8,namecheap,,,17/09/2026 11:40
c6fe4ab3-bd60-471e-b6dd-8d43f8cea3d6,shelvy.spot,available,25.98,31.98,high,medium,6,namecheap,,,09/09/2026 12:30
0cffb992-c12c-4881-8dc5-fd5350500117,confucian.spot,available,25.98,31.98,high,low,9,namecheap,,,12/08/2026 21:15
86c08362-777d-4c46-a924-9016a77f0bd5,uss.spot,premium,1107,1107,high,low,3,namesilo,,,25/09/2026 13:39
29d2b53b-56dd-4400-b690-ef3f6abd60ee,cleansing.spot,available,25.98,31.98,high,low,9,namecheap,,,
6765fa99-9ee5-4d5b-905e-e092a792da80,moonstruck.spot,premium,116,116,medium,low,10,namesilo,,,24/08/2026 11:18
2020d5df-3b6c-4d0b-a728-70a9c20a8c43,closet.spot,available,25.99,25.99,high,low,6,namesilo,,,24/09/2026 15:59
0971d455-87fb-4d76-b53c-0669626e107c,condor.spot,available,25.99,25.99,high,low,6,namesilo,,,24/09/2026 17:10
583823d0-67f8-40d3-8454-46a4948dc887,ammonium.spot,available,39.99,39.99,high,low,8,name.com,,,18/09/2026 22:10
8d9785dd-6cb4-465e-8e27-6de4cc2174fd,damask.spot,available,39.99,39.99,medium,low,6,name.com,,,13/08/2026 16:09
2c98008b-6165-46a0-931d-e65f76cd9990,appease.spot,available,25.98,31.98,high,low,7,namecheap,,,18/08/2026 22:08
269f2832-dfa9-46cc-993b-aa090fd70bd9,fearfully.spot,available,25.98,31.98,medium,low,9,namecheap,,,14/09/2026 18:04
0f2401de-ddba-41a6-8acf-e2e0fb9af046,put.spot,premium,3450,3450,high,low,3,namesilo,,,25/09/2026 13:13
5c5f5308-df48-4fa4-afff-a4da9a1a5ebc,bagger.spot,available,25.98,31.98,medium,low,6,namecheap,,,21/09/2026 18:02
ff0f7784-14fd-424f-86bb-2283fabf9770,carboxylic.spot,available,25.98,31.98,medium,low,10,namecheap,,,11/08/2026 18:46
cb0e83b5-da14-4318-a813-d2a4c2d13615,truer.spot,available,25.99,25.99,medium,low,5,namesilo,,,20/09/2026 05:56
f622729d-0a15-4d90-9fa6-3915b3d5a2b7,bannister.spot,available,25.98,31.98,high,low,9,namecheap,,,22/09/2026 00:23
3ecf6754-773b-4a24-8a49-abe818a5973a,galactic.spot,premium,125,125,high,low,8,name.com,,,18/08/2026 19:35
dfd58ed3-6584-4946-bc8b-33534b040460,myotonic.spot,available,25.98,31.98,medium,low,8,namecheap,,,03/09/2026 12:15
6af4d3a6-bfd1-4d2a-b2c7-f341a3cc3d86,unmade.spot,available,25.98,31.98,medium,low,6,namecheap,,,12/09/2026 15:15
50aa61bc-c9f3-4ed9-8ceb-c7f5329bccb6,mellowed.spot,available,25.98,31.98,medium,low,8,namecheap,,,24/08/2026 19:36
2caf334b-79d9-4d53-b3b7-749561dc228f,bede.spot,available,25.98,31.98,high,low,4,namecheap,,,21/09/2026 17:17
2d12effb-f384-4421-ad5a-b1756c67d37c,misused.spot,available,25.98,31.98,medium,low,7,namecheap,,,25/08/2026 01:56
ca12e811-49b6-4874-b1ec-5c7e8ef5a3e1,effete.spot,available,25.98,31.98,medium,low,6,namecheap,,,13/08/2026 20:52
5c4e4908-2243-4ec7-82ba-700b980894fc,twins.spot,premium,640,640,high,medium,5,namesilo,,,25/09/2026 06:26
bbc9b0b3-a763-4772-81eb-9f718750c926,fundament.spot,available,25.98,31.98,medium,low,9,namecheap,,,09/08/2026 10:59
e73a000f-2240-4a23-8c2b-4ed7d7c65254,preanal.spot,available,25.98,31.98,high,medium,7,namecheap,,,09/09/2026 01:09
e0f22bb0-b8fe-4b77-8e64-e0c4a3c89184,lesion.spot,available,25.98,31.98,high,low,6,namecheap,,,13/09/2026 13:28
ee2c9887-d385-4d05-975a-fa0de2d3cc3a,females.spot,premium,130,130,medium,low,7,namecheap,,,18/09/2026 19:27
ddfa47bb-46eb-4384-9a31-9a87aff9edc3,loamy.spot,available,25.98,31.98,medium,low,5,namecheap,,,24/08/2026 08:15
bdf04ee4-c98c-44f2-9f06-924b75a6e8e1,lollygag.spot,available,25.98,31.98,medium,low,8,namecheap,,,11/09/2026 08:29
0eb5a577-6c45-4b17-a398-9dc6e7cc95f1,blanket.spot,premium,116,116,high,low,7,namesilo,,,08/09/2026 07:17
6a522b9b-ddc9-42d6-876e-98f36e3c021f,coalesced.spot,available,25.98,31.98,medium,low,9,namecheap,,,
9e8b0c3e-331a-440d-ad40-00b0ff1d6712,lustrous.spot,available,25.98,31.98,high,low,8,namecheap,,,11/08/2026 11:00
e3248177-dc22-4094-a975-bc1a25199113,mitch.spot,available,25.99,25.99,high,low,5,namesilo,,,26/09/2026 03:07
dd3169b3-bdc9-4e06-a764-100b2e7b5768,tensile.spot,available,25.98,31.98,medium,low,7,namecheap,,,11/09/2026 11:30
d78f7975-931c-470d-ab4b-6ae7e00db8ee,moslem.spot,available,25.98,31.98,high,low,6,namecheap,,,22/08/2026 10:47
18721062-f770-4183-b796-419c90d11eab,macho.spot,available,25.98,31.98,high,low,5,namecheap,,,11/08/2026 11:31
41fddcda-4fd7-436d-990d-25ec8afb13a7,plata.spot,available,25.99,25.99,high,low,5,namesilo,,,27/09/2026 02:58
96d385d0-228f-43bd-8ea4-8e18766faf8d,espouse.spot,available,25.98,31.98,high,low,7,namecheap,,,13/09/2026 09:39
854328b6-4ba7-4c55-a796-9dd121929d62,clams.spot,available,25.99,25.99,high,low,5,namesilo,,,24/09/2026 06:47
bac9bafe-4b36-4e9e-99d1-82435491f4c4,twofold.spot,available,25.98,31.98,medium,low,7,namecheap,,,14/08/2026 16:39
b91fbf02-a2a9-4e3a-9f3d-9018315392a0,lewdly.spot,available,25.98,31.98,low,low,6,namecheap,,,15/09/2026 11:12
3a668ee0-c56f-4775-8619-2197bbec6e76,pushful.spot,available,25.98,31.98,high,medium,7,namecheap,,,09/09/2026 06:36
cec4508f-6475-43fc-b71a-a20f05653b60,beard.spot,premium,130,130,high,low,5,namecheap,,,22/09/2026 21:01
9963fffc-73dc-4b64-8c62-d9d8a5e50806,cajole.spot,available,25.99,25.99,high,low,6,namesilo,,,24/09/2026 04:10
e4eb67ee-a1f2-41f1-8222-3901937f7a50,besides.spot,premium,116,116,high,low,7,namesilo,,,
01c0ce5b-0048-4a73-893a-ac3ec04828e9,willful.spot,available,25.98,31.98,medium,low,7,namecheap,,,18/08/2026 16:37
fd4f1eb8-7dce-44f7-b96f-003ad13c83e6,bewitching.spot,available,25.98,31.98,medium,low,10,namecheap,,,09/08/2026 18:19
aaaf6dde-1837-4b69-a723-b1bbb705ee5c,elect.spot,premium,625,625,high,low,5,name.com,,,16/08/2026 02:30
6bc60248-a16f-458d-96e9-f6dc83a856c7,apoptosis.spot,available,25.98,31.98,medium,low,9,namecheap,,,19/09/2026 19:14
ce865236-6b28-429b-9a73-ac2a44d4f56c,oxidative.spot,available,25.98,31.98,medium,low,9,namecheap,,,04/09/2026 22:23
071f1f4d-df43-4899-a06e-405671d1cc64,propertied.spot,available,25.98,31.98,medium,low,10,namecheap,,,09/09/2026 03:34
a5e9def4-1d2b-4731-a1fe-dd7695430065,necked.spot,available,25.98,31.98,medium,low,6,namecheap,,,03/09/2026 14:40
97edc0e2-9287-4260-9836-1d2f7783e459,acinus.spot,available,25.99,25.99,medium,low,6,namesilo,,,17/09/2026 01:46
6d4ab648-5747-405b-be54-d6565cc484e2,varied.spot,premium,116,116,high,low,6,namesilo,,,
dffbed88-dc8d-4c59-a42d-dd6852187aa9,absolver.spot,available,25.98,31.98,medium,low,8,namecheap,,,16/09/2026 18:07
eac7e504-6a6c-4c29-82cd-9677ba097894,aborigine.spot,available,25.98,31.98,high,low,9,namecheap,,,
74826a1f-31ee-4e2a-8c9e-e336567b17ee,removable.spot,premium,116,116,high,low,9,namesilo,,,03/09/2026 23:44
76e3f33b-67b0-405b-b161-0cc27720e7ee,aphorist.spot,available,25.99,25.99,medium,low,8,namesilo,,,19/09/2026 17:11
95fb187a-f12c-4728-96b4-a94fd669fcd0,negotiations.spot,premium,116,116,medium,low,12,namesilo,,,17/09/2026 08:01
e3586ca2-a777-489c-9289-7098602b220e,valuable.spot,premium,116,116,high,low,8,namesilo,,,
2979fcb7-ef69-4c20-91a5-6546217aeccd,european.spot,premium,116,116,high,low,8,namesilo,,,24/09/2026 15:26
403dfe07-14aa-450c-ac94-89de55e6ffae,hoydenish.spot,available,25.98,31.98,low,low,9,namecheap,,,21/08/2026 14:29
7ea08622-c658-42f8-8be5-2e6c1f021f27,hushed.spot,available,25.98,31.98,high,low,6,namecheap,,,21/08/2026 15:54
2e7a1035-e06c-421d-b5fd-ae9505b0add0,playstation.spot,premium,116,116,high,high,11,namesilo,,,
fd1e4b19-a340-4676-aede-e825018f506f,analgesic.spot,available,25.98,31.98,medium,low,9,namecheap,,,
99339b3c-7398-4e0e-a714-61d3c9960607,cub.spot,premium,1300,1300,high,low,3,namecheap,,,24/09/2026 20:02
ed66cc22-c4a2-4194-a47c-653e80952413,papered.spot,available,25.99,25.99,medium,low,7,namesilo,,,21/09/2026 10:14
23e7fa2e-47a5-4461-b715-43546cbc48b3,beetroot.spot,available,25.99,25.99,high,low,8,namesilo,,,23/09/2026 01:58
0d4b89be-ab99-4d24-b2dd-1e59d86b801d,ascaris.spot,available,25.98,31.98,medium,low,7,namecheap,,,20/09/2026 13:03
f8696c95-15f7-45c2-968a-9d16b11b5b22,besotted.spot,available,25.98,31.98,medium,low,8,namecheap,,,09/08/2026 15:27
48d1171a-a347-4682-b88c-239490c45fcf,abysmal.spot,available,25.98,31.98,medium,low,7,namecheap,,,
1678a8fe-5893-49b7-991c-10081d15cdb4,hater.spot,available,25.99,25.99,medium,low,5,namesilo,,,
1bce2825-11f7-44e7-9d16-87bccdcc13f4,truster.spot,available,25.99,25.99,high,low,7,namesilo,,,23/09/2026 05:14
e2d7392e-875f-4263-b3bf-21abf983dbfe,totipotent.spot,available,25.98,31.98,medium,low,10,namecheap,,,11/09/2026 18:12
efbbfdaf-c041-4043-9f4a-894cf63f7fe1,sweetie.spot,available,25.98,31.98,high,low,7,namecheap,,,10/09/2026 19:34
b52479ad-853d-4406-8f22-1987e4444adc,percent.spot,premium,116,116,high,low,7,namesilo,,,25/09/2026 23:58
c51853e0-ee5b-4587-9ed8-5517f661f179,figurative.spot,available,25.99,25.99,high,low,10,namesilo,,,19/09/2026 14:22
306ce24f-4bf7-47e9-a55b-695d7efc47ed,shambolic.spot,available,25.98,31.98,medium,low,9,namecheap,,,10/09/2026 05:51
3d9a978c-70c2-4d31-a36d-90da8be3ed3d,despised.spot,available,25.98,31.98,medium,low,8,namecheap,,,14/08/2026 04:10
8c93d5c9-a0b6-466c-aa37-73ca5fbf84aa,blades.spot,premium,116,116,high,low,6,namesilo,,,
c7ddfd76-361f-42f9-9810-afefeba32b01,cao.spot,premium,1300,1300,high,low,3,namecheap,,,25/09/2026 14:36
c58f2c4e-4f45-425b-9ee4-9545f940e998,czechoslovakia.spot,available,25.99,25.99,medium,low,14,namesilo,,,
e6f70396-ec60-4d13-bd47-461eb773fb7d,crisply.spot,available,25.98,31.98,medium,low,7,namecheap,,,14/09/2026 09:37
08d87d14-5b15-4196-825b-85e996b763f8,uric.spot,available,25.98,31.98,medium,low,4,namecheap,,,12/09/2026 23:37
07b05016-d144-4fc4-8289-33afe27ee919,ternate.spot,available,25.98,31.98,medium,low,7,namecheap,,,11/09/2026 11:53
37cbc38c-1b6f-4c05-9977-7baf3925354d,oldfield.spot,available,25.99,25.99,medium,low,8,namesilo,,,22/09/2026 06:52
60d98099-8b32-47eb-8f6a-bb628c5c5fc9,ambivalence.spot,available,25.99,25.99,high,low,11,namesilo,,,
283f66ce-73c4-42b1-967d-f169baf1ea28,fused.spot,available,25.99,25.99,high,low,5,namesilo,,,22/09/2026 03:03
f6445c88-b8e4-48a1-a1d1-bf6bba1e9969,multiflora.spot,available,25.98,31.98,high,low,10,namecheap,,,21/09/2026 13:38
31ca6f40-762b-44a4-b48d-dca8b30c0bf2,gaudy.spot,available,25.98,31.98,medium,low,5,namecheap,,,18/08/2026 06:37
c3e44814-d4bc-4bdc-9287-183c43398851,playdate.spot,available,25.99,25.99,high,low,9,namesilo,,,
97457ccf-4bdc-42ba-891d-0341d1056797,affinity.spot,available,25.99,25.99,high,high,8,namesilo,,,
49476318-401e-4f13-804e-8846726a1d8a,gamely.spot,available,25.98,31.98,high,low,6,namecheap,,,14/09/2026 21:02
b172eec7-38d4-4fce-aa10-d6223c1eb4d3,granville.spot,available,25.99,25.99,high,low,9,namesilo,,,27/09/2026 01:40
9158a8af-1251-4562-a827-2c1bfbf54c95,bailiff.spot,available,39.99,39.99,medium,low,7,name.com,,,21/09/2026 19:06
245ae082-d585-4657-9385-47cc41cd92cd,divinely.spot,available,25.98,31.98,high,low,8,namecheap,,,14/09/2026 13:27
11e9cdc8-fc54-4f1a-85e3-30646e07c484,edward.spot,premium,116,116,high,low,6,namesilo,,,18/09/2026 02:39
85909ccc-3f50-420b-97d7-e185e0827611,renewable.spot,premium,116,116,high,low,9,namesilo,,,09/09/2026 14:03
1fa3b41b-65d5-49e2-b850-4d40b146d77b,pearl.spot,premium,640,640,high,low,5,namesilo,,,04/09/2026 01:21
7f461965-f0be-4734-8244-62311a33a63f,elaborate.spot,available,25.99,25.99,high,low,9,namesilo,,,24/09/2026 07:12
cb3d8029-030b-4920-9752-d0fe17b5a9fd,dolly.spot,available,21.62,21.62,high,low,5,dynadot,,,27/09/2026 13:05
009dc78f-cab2-4ddf-97bf-242e854f2c31,hittite.spot,available,25.98,31.98,medium,low,7,namecheap,,,21/08/2026 10:00
8ba430ed-21cd-4c20-af8f-73b817e460bb,aquatint.spot,available,25.99,25.99,medium,low,8,namesilo,,,19/09/2026 23:09
e6322f6a-f549-4baa-9355-617f4c96217e,goodenough.spot,available,25.99,25.99,high,low,11,namesilo,,,
f93af02f-171c-4855-93fe-f1332d072240,haply.spot,available,25.98,31.98,medium,low,5,namecheap,,,14/09/2026 04:36
7ed316dc-aa35-4eb8-a249-689e41f9bf36,pitched.spot,available,25.98,31.98,high,medium,7,namecheap,,,08/09/2026 20:03
c16f0d67-b4b6-438d-bfcb-66983d1da677,uncommon.spot,available,25.98,31.98,high,low,8,namecheap,,,12/09/2026 05:57
a27832ca-1630-4a38-8ec8-486313f2e0d6,successor.spot,available,31.98,,high,low,9,namecheap,,,
7b8a9dac-287b-44cb-bb8c-09e81179a4fd,slam.spot,available,25.99,25.99,high,low,4,namesilo,,,
59c6426c-b13e-446c-85e9-20882f143d32,nonu.spot,available,25.98,31.98,medium,low,5,namecheap,,,03/09/2026 18:37
19548120-94c0-46b5-94fb-54e20cdb7e6b,rages.spot,available,25.99,25.99,low,low,5,namesilo,,,20/09/2026 11:24
84add33d-55b0-4178-be6a-d02826934851,interest.spot,premium,116,116,high,low,8,namesilo,,,08/09/2026 14:02
e5e5c3fd-f273-434a-9d32-3bcd3b3bbf3d,beech.spot,available,25.99,25.99,high,low,5,namesilo,,,23/09/2026 00:02
53f5be66-ce2d-4a8f-b263-7af2721295fc,fissure.spot,available,25.98,31.98,high,low,7,namecheap,,,13/08/2026 04:18
83852a82-7736-4885-bc77-9fca4f87c4b0,ghanaian.spot,available,25.98,31.98,high,low,8,namecheap,,,18/08/2026 23:10
ebc3c46c-f7ff-4229-994a-7f94d9fea384,tetchy.spot,available,25.98,31.98,medium,low,6,namecheap,,,22/08/2026 10:31
5303c5ea-a6b8-41a6-bf4d-84029b2755da,roughly.spot,premium,116,116,high,low,7,namesilo,,,21/09/2026 14:14
e8aab80c-17b0-45f4-8204-6189adebf424,mucky.spot,available,25.98,31.98,medium,low,5,namecheap,,,10/08/2026 17:06
ce41ee15-dd0d-4f54-ac9b-cad3569cbe0a,angular.spot,available,25.99,25.99,high,low,7,namesilo,,,22/09/2026 04:30
508f8def-6928-41b2-a4f6-22f7ef1bc714,located.spot,premium,130,130,high,low,7,namecheap,,,25/09/2026 14:10
6d2ae91c-8054-4355-8dc3-c33b3a9b55dc,surfbird.spot,available,25.98,31.98,medium,low,8,namecheap,,,19/09/2026 17:13
8e1d3ec5-650f-4265-8c05-df5a45f6268e,waning.spot,available,25.98,31.98,medium,low,6,namecheap,,,13/09/2026 08:04
e704fd40-2a87-4ed8-b4bd-fea8609f5e14,industrial.spot,premium,125,125,high,low,10,name.com,,,25/09/2026 09:22
8b6c3e79-87a7-4e57-bbc6-d674c5a24ae9,forms.spot,premium,640,640,high,low,5,namesilo,,,17/09/2026 09:39
ed91043f-3235-449d-ba4c-839d000d82fb,smiled.spot,available,25.99,25.99,high,low,6,namesilo,,,18/09/2026 01:26
ef1f6d10-add2-4e86-87a8-959d95a03bb9,dollarfish.spot,available,25.98,31.98,medium,low,10,namecheap,,,20/09/2026 21:42
847e904d-4f06-423e-9b3a-dc688ad97a25,taunt.spot,available,25.98,31.98,medium,low,5,namecheap,,,11/09/2026 09:13
a6f146d7-8223-4f1b-8edb-beeab4d21e27,trumpcare.spot,available,25.99,25.99,medium,low,10,namesilo,,,
b8c9ce28-34b5-4920-935d-d0d51316e2c2,cantala.spot,available,25.99,25.99,medium,low,7,namesilo,,,17/09/2026 16:42
4575e6b7-79a6-4e5d-a447-87f27f60b026,wager.spot,available,25.99,25.99,high,low,5,namesilo,,,23/09/2026 10:51
4e1e85ff-e141-426f-8e2a-f59658df0f32,stroppy.spot,available,25.98,31.98,medium,low,7,namecheap,,,10/08/2026 17:59
25cfc49e-d9d3-41bb-ade9-e9ae637108e1,wan.spot,premium,3250,3250,high,low,3,namecheap,,,04/09/2026 23:53
85a564a7-bed5-447c-9ff5-a8da06550088,knock.spot,premium,640,640,high,low,5,namesilo,,,27/09/2026 03:49
b8471ddd-fb4c-428b-8bca-18de17a317f9,brains.spot,available,25.99,25.99,high,low,6,namesilo,,,25/09/2026 18:40
32e26f5c-9741-48bc-ae26-a5ac01944851,rarity.spot,available,25.98,31.98,high,low,6,namecheap,,,24/09/2026 20:28
beead408-6013-49bb-8397-5db72c3b1cae,confusion.spot,premium,116,116,high,low,9,namesilo,,,
dd983a3e-bc0d-4875-b234-537dbacf128e,verdant.spot,available,25.98,31.98,high,low,7,namecheap,,,13/09/2026 02:22
8201338e-8500-4a00-a4a9-30ae45e70d83,visitor.spot,premium,116,116,high,low,7,namesilo,,,
e21d5cb1-a89d-4e19-b8fb-5d50e89ccb67,kiss.spot,premium,1107,1107,high,low,4,namesilo,,,
729fa0f8-ca37-43f1-a4a2-a0c39392eb29,scour.spot,available,25.98,31.98,high,low,5,namecheap,,,10/09/2026 00:23
dc9311d4-0cb4-4838-b3cf-28425f93131d,artesian.spot,available,25.98,31.98,high,low,8,namecheap,,,06/08/2026 22:39
ad0ee130-7dcb-4358-a4cd-e3aaeb5f6748,refundable.spot,available,25.99,25.99,high,low,10,namesilo,,,
291c05de-19f4-4c40-8b46-c14790663d45,hodges.spot,available,25.98,31.98,medium,low,6,namecheap,,,25/09/2026 19:37
2873f36a-656b-4293-88e1-1068019d0873,bigfoot.spot,available,25.99,25.99,high,low,7,namesilo,,,23/09/2026 15:06
60b7f786-4c8f-4fc0-9e7f-d90b0bca1094,explorer.spot,premium,116,116,high,low,8,namesilo,,,
2a41a475-e8cf-4569-9b18-7a17c0595700,slang.spot,available,25.98,31.98,high,low,5,namecheap,,,12/08/2026 15:12
175f9e94-7249-434e-b013-4eb9d76ffb11,precautions.spot,available,25.98,31.98,medium,low,11,namecheap,,,18/09/2026 09:01
90484b30-6f5c-4e4e-8970-e8c93f210bf5,maniac.spot,available,25.98,31.98,high,low,6,namecheap,,,24/08/2026 11:21
3749a46d-b693-4773-9d2c-34f64beb6dac,solicit.spot,available,31.98,,high,low,7,namecheap,,,
1990e1c8-4f21-4b29-9cbe-8d41fa25e202,wonderful.spot,premium,116,116,high,low,9,namesilo,,,25/09/2026 00:23
7bf34c31-a999-44ef-9fc0-654d31ca7c29,vestibular.spot,available,25.98,31.98,medium,low,10,namecheap,,,13/09/2026 04:52
fc1dc93c-1873-4753-8e7e-600a5dbfe56f,favours.spot,available,25.99,25.99,medium,low,7,namesilo,,,17/09/2026 23:24
3c331a1c-4289-43aa-b163-911aebe1a858,armless.spot,available,25.98,31.98,medium,low,7,namecheap,,,06/08/2026 19:54
6639ed00-69cd-4665-8a10-1f8220125568,flavourful.spot,available,25.98,31.98,medium,low,10,namecheap,,,18/08/2026 07:06
57dbdb08-5183-490e-a4cf-58b51bc2af52,change.spot,premium,116,116,high,medium,6,namesilo,,,
088bb9e0-c938-42c9-9dea-abc686598cd0,arts.spot,premium,1107,1107,high,low,4,namesilo,,,23/09/2026 06:35
1e3139a7-d9b9-4e17-bae4-ad5e563b08f3,mannerism.spot,available,25.98,31.98,high,low,9,namecheap,,,17/09/2026 14:14
1a6d9c29-6bf0-4d3b-b7a5-38278cb66a97,reminds.spot,available,25.99,25.99,medium,low,7,namesilo,,,27/09/2026 03:09
a45d25d0-8ea3-4be9-8a79-d8c1b16cec11,referred.spot,premium,116,116,medium,low,8,namesilo,,,17/09/2026 06:11
c299b72a-888f-45c2-a4ff-c081f365f48b,acerate.spot,available,25.98,31.98,medium,low,7,namecheap,,,
4d002869-cb08-46d1-bc14-3a125ed1cb9e,heatless.spot,available,25.98,31.98,medium,low,8,namecheap,,,21/08/2026 02:27
98684cdc-0300-424a-825a-3a234fb2daf3,untaped.spot,available,25.98,31.98,medium,low,7,namecheap,,,12/09/2026 10:16
5a3b4b24-a74d-4449-9ffb-91e17c43f4a9,vial.spot,available,25.99,25.99,high,low,4,namesilo,,,18/09/2026 23:48
3b50a3b4-303a-417f-8380-fe63a79bd594,kind.spot,premium,1107,1107,high,low,4,namesilo,,,25/09/2026 12:40
6c48d084-f59c-4112-aeef-6e0f4e88785b,saturnine.spot,available,25.98,31.98,medium,low,9,namecheap,,,20/08/2026 15:03
d3b50bed-3cb6-4525-abc2-e2afe15986a6,medicinal.spot,available,25.98,31.98,high,low,9,namecheap,,,24/08/2026 19:01
76d8dfbb-485a-4340-8425-48dea4a4d02d,amblyopia.spot,available,25.99,25.99,medium,low,9,namesilo,,,18/09/2026 17:11
2c06064e-8a42-4f1a-914b-8d692152dd75,bagatelle.spot,available,25.98,31.98,medium,low,9,namecheap,,,21/09/2026 17:53
1ab393e3-3e31-4704-a04a-fc7b1cc92ecb,now.spot,premium,3125,,high,medium,3,name.com,,,
bf764666-6998-4374-ab20-893dacfc1c58,gad.spot,premium,1107,1107,high,low,3,namesilo,,,19/09/2026 15:59
ad4aecf6-2c7a-4958-a69b-3e7fce08d11b,ebony.spot,premium,625,625,high,low,5,name.com,,,14/08/2026 23:09
ba37ca14-336c-42e6-8f81-18d90e16647a,branching.spot,available,25.98,31.98,high,low,9,namecheap,,,11/08/2026 02:08
7ff732e0-b34c-44e4-b233-8cef1f07f3be,reid.spot,premium,1107,1107,high,low,4,namesilo,,,25/09/2026 10:17
7cde36c7-922e-4a67-85fa-641fb87343a6,magenta.spot,available,25.98,31.98,high,low,7,namecheap,,,24/08/2026 12:57
22826ab3-4e60-4091-b603-a812d7b23b22,uncovered.spot,available,25.98,31.98,high,low,9,namecheap,,,12/09/2026 06:20
3d7dc15a-d79c-4f77-a2cd-d4eaa9d762f1,basketful.spot,available,25.98,31.98,medium,low,9,namecheap,,,22/09/2026 11:27
b97915ae-5e9d-49e4-9395-09aeb0656b20,results.spot,premium,125,125,high,low,7,name.com,,,
5b045d4b-17d3-48a2-b7fa-0d2381bfc409,lettuce.spot,available,31.98,,high,low,7,namecheap,,,
c35a5962-1317-496e-b311-a3e1d2a2c612,argos.spot,available,25.98,31.98,high,medium,5,namecheap,,,20/09/2026 04:43
364ee6c2-b113-4e98-b9eb-f1474a83e837,antipodean.spot,available,25.98,31.98,medium,low,10,namecheap,,,
6ff6fbf7-7ac9-488b-9019-173c6a9e769f,collected.spot,premium,116,116,high,low,9,namesilo,,,12/08/2026 17:00
9fdb5b4a-5102-47a4-814f-9c78c05b3e70,encysted.spot,available,25.98,31.98,medium,low,8,namecheap,,,17/08/2026 00:44
0834dd21-d98b-4325-af56-35032979e86e,belt.spot,premium,1107,1107,high,low,4,namesilo,,,
23bdbe72-756f-4983-87e1-0d4f8f168e29,harmony.spot,premium,116,116,high,low,7,namesilo,,,
be6ccb3b-1bca-44c3-97eb-85c81ba63fbe,informed.spot,premium,116,116,high,low,8,namesilo,,,25/09/2026 09:34
fcdcff86-4581-45c2-8e96-d93c9173149c,endeavor.spot,available,25.99,25.99,high,low,8,namesilo,,,21/09/2026 01:15
dcbc45d9-4bbc-423e-bbf8-0f0bcc578694,barograph.spot,available,25.99,25.99,medium,low,9,namesilo,,,22/09/2026 06:59
639e4192-42fa-412a-a2ff-9c1ede730f94,baikal.spot,available,25.98,31.98,high,low,6,namecheap,,,21/09/2026 18:54
474a2aba-313c-4a00-9ecd-e3398a39e476,conjoined.spot,available,25.98,31.98,high,low,9,namecheap,,,12/08/2026 22:03
5ebcfb55-e893-40f7-9ed0-fa8940948568,almighty.spot,available,25.98,31.98,high,low,8,namecheap,,,
7f94d6e2-50b0-464d-9e70-548c103cfbd8,approver.spot,available,25.99,25.99,medium,low,8,namesilo,,,19/09/2026 22:24
faa50be5-540b-4351-a07b-54c9f989e924,compact.spot,premium,130,130,high,low,7,namecheap,,,23/09/2026 16:18
eb803d3d-69cb-45b9-8b9d-f774eb909d73,dispatch.spot,premium,116,116,high,low,8,namesilo,,,04/09/2026 00:56
db558cac-97c9-4f4f-ad60-352727b3829f,downside.spot,available,25.99,25.99,medium,low,8,namesilo,,,24/09/2026 23:40
62364fd4-7789-48a5-b213-37e7068916fb,final.spot,premium,650,650,high,low,5,namecheap,,,23/09/2026 19:07
1e0a28d4-2a61-42f3-b60c-84d255b45fec,aleutian.spot,available,25.98,31.98,high,low,8,namecheap,,,
905f7fd0-affa-4261-b5c6-bbe60d89bbab,mercantile.spot,available,25.98,31.98,high,low,10,namecheap,,,24/08/2026 20:23
cb7be682-fd21-46de-aea4-951d2bc8205b,dynamite.spot,available,25.99,25.99,high,low,8,namesilo,,,25/09/2026 22:28
cbae4495-7b29-43f6-aa5c-04142f12be63,repentant.spot,available,25.98,31.98,medium,low,9,namecheap,,,08/09/2026 14:32
97cb4778-2f75-4468-8a8c-be68e574244d,gadget.spot,premium,116,116,high,low,6,namesilo,,,19/09/2026 21:47
ba099c09-0b2e-41f7-8d59-8016a8cb7214,denise.spot,premium,116,116,high,low,6,namesilo,,,25/09/2026 14:19
03a7653c-6c8a-4a3f-a6cd-6b654bbc944d,ballistic.spot,available,25.98,31.98,medium,low,9,namecheap,,,08/08/2026 10:31
3ee41ec6-225c-4df4-86f6-4b5aeb194330,impolite.spot,available,25.98,31.98,medium,low,8,namecheap,,,21/08/2026 22:43
4c97f905-fa4b-4a1e-93e1-d9a9a4bc8c02,williams.spot,premium,116,116,high,low,8,namesilo,,,23/09/2026 09:47
aaf2601b-bb94-428a-b5c9-b0d6bea3749b,jem.spot,premium,1107,1107,high,low,3,namesilo,,,20/09/2026 08:04
92786fef-3ba7-42c9-b021-9a5e36329271,airpost.spot,available,25.99,25.99,medium,low,7,namesilo,,,17/09/2026 23:19
011ce604-7cb4-46fa-9688-64382580a8aa,shooting.spot,premium,116,116,high,low,8,namesilo,,,
3ba82832-42f3-4051-a509-c7b8b0d83cf5,lifeless.spot,available,25.98,31.98,medium,low,8,namecheap,,,17/08/2026 15:52
c17f235c-4ea0-4415-aa97-ede5617de23b,heedful.spot,available,25.98,31.98,medium,low,7,namecheap,,,
774d6cc8-75d3-46d9-97cf-5f3444d55325,bountied.spot,available,25.98,31.98,high,medium,8,namecheap,,,10/08/2026 22:40
fb8e8fcd-f013-40a2-8dfe-e8125ad75f09,aten.spot,available,25.98,31.98,medium,low,4,namecheap,,,20/09/2026 20:04
dc0631fd-bd68-40c3-8add-0675a5b676cb,stockton.spot,premium,116,116,high,low,8,namesilo,,,25/09/2026 06:10
4f842d26-39fa-4364-97a0-a000b8b3459b,fulbright.spot,available,25.99,25.99,high,low,9,namesilo,,,27/09/2026 04:04
2ef410b8-c3f2-49f6-a2c6-97e08ca3a460,scene.spot,premium,650,650,high,low,5,namecheap,,,24/09/2026 18:53
fe68a8f7-73ec-4f84-b6c1-b030d04c9c9f,bygone.spot,premium,116,116,high,low,6,namesilo,,,11/08/2026 12:06
46ae15bb-69ce-42d8-9685-0ce23fe03d2d,niebuhr.spot,available,25.98,31.98,medium,low,7,namecheap,,,22/09/2026 09:08
4d88322c-763a-4cb0-a279-12a9016582a6,elemental.spot,available,25.98,31.98,high,low,9,namecheap,,,16/08/2026 03:29
9c93a89d-435c-46b9-b53f-7317e9e5cd78,laterally.spot,available,25.98,31.98,medium,low,9,namecheap,,,15/09/2026 10:56
f298ecfc-01ff-4222-81a3-a89e7a83a333,undeniably.spot,available,25.99,25.99,medium,low,10,namesilo,,,16/09/2026 09:52
6b644df8-e2d4-4fb1-82fc-d45328573456,choc.spot,available,25.99,25.99,high,low,4,namesilo,,,
80ed26fb-91cb-43ab-9ee0-6f2046d903b6,muddled.spot,available,25.98,31.98,medium,low,7,namecheap,,,03/09/2026 10:22
8c651777-fc07-4208-959a-84193a667a5b,intent.spot,premium,116,116,high,low,6,namesilo,,,
e1dbc385-395b-4176-8a67-a7f2cd546a13,honour.spot,available,25.99,25.99,high,low,6,namesilo,,,16/09/2026 22:47
6ac93a49-bd3a-43b1-b60c-5266db66eca5,nobble.spot,available,25.98,31.98,medium,low,6,namecheap,,,14/09/2026 07:56
37b04376-30e6-42ea-9b82-c315b81f69c0,bap.spot,premium,1107,1107,high,low,3,namesilo,,,22/09/2026 03:20
e06601e1-69a3-47ea-add5-5b1ae141e349,westminster.spot,premium,125,,high,low,11,name.com,,,
4363360d-b123-48b0-8595-6cee8ae4e583,aerobiotic.spot,available,25.98,31.98,medium,low,10,namecheap,,,
e8650b63-6dc5-49d8-812f-7c5dd182835a,contralto.spot,available,25.98,31.98,medium,low,9,namecheap,,,
cb29c1a2-98a1-4c5d-bb69-f6c629571611,stood.spot,premium,625,,medium,low,5,name.com,,,
678916dd-7da2-45aa-a24d-9d30b63b9d8c,plain.spot,premium,640,640,high,low,5,namesilo,,,22/09/2026 07:19
26acf6d1-f47b-4d04-b5ea-c675b066f16e,described.spot,premium,116,116,high,low,9,namesilo,,,24/09/2026 06:37
99c2b761-3fb0-46d3-97c9-9b78a3fb87c7,throngs.spot,available,25.99,25.99,medium,low,7,namesilo,,,20/09/2026 14:21
9d0ca7eb-6950-4af1-99a0-cfb78af49429,mislaid.spot,available,25.98,31.98,medium,low,7,namecheap,,,25/08/2026 01:30
6fa2ddcf-a0af-4975-aa97-9d88fcb09107,rationed.spot,available,25.98,31.98,high,medium,8,namecheap,,,09/09/2026 10:34
be071e61-2354-48f2-9bad-762648e0dbd3,abelard.spot,available,25.99,25.99,medium,low,7,namesilo,,,16/09/2026 14:59
4f2549a3-5efc-4e31-9c54-86ed9410c40f,unplanned.spot,available,25.98,31.98,medium,low,9,namecheap,,,12/09/2026 16:51
88184b2f-b3b1-4974-85f2-66c30cde25f6,alpinism.spot,available,25.98,31.98,medium,low,8,namecheap,,,18/09/2026 14:05
b7dafb27-3244-4e0d-99bb-0976c3352175,wisconsin.spot,premium,130,130,high,low,9,namecheap,,,21/09/2026 17:10
7b9fd660-fc28-47ef-94a4-7239958d18e2,armiger.spot,available,25.99,25.99,medium,low,7,namesilo,,,20/09/2026 06:59
796b6ad2-169b-495c-9d2e-8145f3e15de1,alternator.spot,available,25.99,25.99,medium,low,10,namesilo,,,18/09/2026 14:48
520e784b-62d6-4626-a11f-2e5f038d72c1,unhampered.spot,available,25.98,31.98,medium,low,10,namecheap,,,12/09/2026 11:51
554f660a-b6b8-429b-987e-c7ecd3833f0d,fairly.spot,premium,116,116,high,low,6,namesilo,,,24/09/2026 16:08
705825b9-53ea-4b5e-be78-8bb122e87d11,desirable.spot,premium,116,116,high,low,9,namesilo,,,14/08/2026 03:47
4dd70e7b-d588-4679-8c5e-8849bbcc8caa,reflected.spot,premium,116,116,high,medium,9,namesilo,,,09/09/2026 12:37
fa64ffc8-32a4-4686-88e0-0bcac6135d03,silhouettes.spot,available,25.99,25.99,medium,low,11,namesilo,,,20/09/2026 11:57
5f6c1ce4-2131-4c3a-9372-56866b926b52,contend.spot,available,25.99,25.99,high,low,7,namesilo,,,
ee6b7c3e-aba6-42f1-923d-67f66802e59d,pansy.spot,available,25.98,31.98,high,low,5,namecheap,,,09/09/2026 08:07
a26bb294-f61e-4136-8324-758a024022b8,basia.spot,available,25.99,25.99,medium,low,5,namesilo,,,22/09/2026 10:34
d7d5dc6f-379f-4e95-822c-e8f0a96b06a1,armilla.spot,available,25.99,25.99,medium,low,7,namesilo,,,20/09/2026 07:02
86e1f6d4-bb3b-4fce-afee-f96cb2ca45e7,sameness.spot,available,25.98,31.98,medium,low,8,namecheap,,,21/08/2026 15:12
cc241678-978a-4982-8825-05b1eb386c87,fourfold.spot,available,25.98,31.98,high,low,8,namecheap,,,18/08/2026 13:28
5256560d-b776-43cf-8793-4daff2b5509c,uniformed.spot,available,25.98,31.98,high,low,9,namecheap,,,12/09/2026 12:57
d531b67c-789d-4e35-93bd-01da9df1bfae,survey.spot,premium,116,116,high,low,6,namesilo,,,
004a0d10-d6c0-4de0-94f9-124fccef7888,finis.spot,available,25.98,31.98,high,low,5,namecheap,,,12/08/2026 12:06
e6487514-8eff-4d8b-ab29-1b6f04357cd0,orbiter.spot,available,25.98,31.98,high,low,7,namecheap,,,09/09/2026 21:35
339af584-7f51-4e2d-93a5-9b6aa08a32a7,unloaded.spot,available,25.98,31.98,medium,low,8,namecheap,,,12/09/2026 15:03
1b27e757-dd6a-44de-acd4-0ce4240f9a6b,documentation.spot,premium,116,116,high,low,13,namesilo,,,
de15dc87-ee5c-43b5-92d9-c93c8a12bb4b,vinous.spot,available,25.98,31.98,medium,low,6,namecheap,,,13/09/2026 05:47
9e916491-b1de-4e8a-aa9c-a81c658c01ee,hilar.spot,available,25.98,31.98,medium,low,5,namecheap,,,21/08/2026 09:19
d316c1ef-bd59-48f6-b607-566aeead14c9,crinoid.spot,available,25.98,31.98,medium,low,7,namecheap,,,13/08/2026 06:58
6297062a-55da-4463-8965-00e19a4b032c,playlists.spot,available,25.99,25.99,medium,low,9,namesilo,,,21/09/2026 09:24
b989e717-5d7f-48ab-a9a9-bf3fef1b2462,satellites.spot,available,25.99,25.99,high,low,10,namesilo,,,
fae6f0c7-3bf7-462c-9fcc-35ef4ec968c9,ransomed.spot,available,25.98,31.98,high,medium,8,namecheap,,,09/09/2026 10:17
0410643e-72cb-4928-b55b-d504d61fbe06,roasted.spot,available,31.98,,high,low,7,namecheap,,,
c1ef8cac-8a0d-45b3-8255-0fe403ee26d4,sissified.spot,available,25.98,31.98,medium,low,9,namecheap,,,12/08/2026 08:41
fe3a4d22-a68e-4f91-988f-3b363aba6d86,renunciant.spot,available,25.98,31.98,medium,low,10,namecheap,,,09/09/2026 14:23
8515d54e-2039-4ac1-836b-3e634cacb7bf,uniting.spot,available,25.99,25.99,high,low,7,namesilo,,,18/09/2026 15:39
cb2e31da-3e9f-49b9-82bd-58f26b98a183,anticancer.spot,available,25.99,25.99,high,low,10,namesilo,,,22/09/2026 06:38
9f8998a0-fc34-49e4-8bf6-816aa52778c4,blob.spot,available,25.99,25.99,high,low,4,namesilo,,,
3ae34ece-ff81-4e72-855e-572a961ed483,sedulous.spot,available,25.98,31.98,medium,low,8,namecheap,,,07/08/2026 06:14
e06ed48d-f93d-4ab7-8047-0bdccdbb1a58,wristband.spot,available,25.99,25.99,high,low,9,namesilo,,,24/09/2026 07:49
ef0055e8-9558-4294-8f69-370d16f6bb37,barbary.spot,available,25.99,25.99,medium,low,7,namesilo,,,22/09/2026 04:32
547aa802-e369-4400-8d03-cf990344e9fe,halfway.spot,premium,116,116,high,low,7,namesilo,,,11/08/2026 23:56
329a5755-aa92-46eb-8c79-b80a8d5f4fe6,cloze.spot,available,25.98,31.98,medium,low,5,namecheap,,,12/08/2026 12:54
e3f8bff3-1ac5-4867-a4dd-0f87e6bf08dd,cart.spot,premium,1035.2,1035.2,high,low,4,spaceship,,,27/09/2026 12:16
7d533ea1-c235-4b42-aba2-93528652f71a,coats.spot,premium,116,116,high,low,5,namesilo,,,17/09/2026 00:23
42b001fd-ea04-4780-8f55-7279f1ca9f26,manuel.spot,premium,116,116,high,low,6,namesilo,,,25/09/2026 15:00
595f8f85-f32f-4b23-b0a2-9a06b74dcc26,tragic.spot,available,25.99,25.99,high,low,6,namesilo,,,
34a6e92c-9f37-4dd0-aaa8-084cedc62d7c,washable.spot,available,25.98,31.98,high,low,8,namecheap,,,13/09/2026 08:29
eb14a678-9f10-4e2d-acc2-2a4341310d79,bargee.spot,available,25.99,25.99,medium,low,6,namesilo,,,22/09/2026 05:47
6fd2fd51-a8ab-4015-a9c1-18b4a3390f06,reddish.spot,available,25.99,25.99,high,low,7,namesilo,,,19/09/2026 03:49
56437044-02ac-4e96-8b4a-74bc3f9c0e54,construct.spot,premium,116,116,high,low,9,namesilo,,,24/09/2026 10:59
15f10e35-e59d-46f9-970c-d85ba5cd8025,nigerian.spot,available,25.98,31.98,high,low,8,namecheap,,,03/09/2026 17:12
6aa4259c-466e-49fa-8501-60630eb11394,extinct.spot,available,25.98,31.98,high,low,7,namecheap,,,17/08/2026 19:11
af150e8b-8b42-4bb2-84f7-04e957529f49,aar.spot,premium,1107,1107,medium,low,3,namesilo,,,16/09/2026 13:19
a484253d-e4e0-4c8f-8343-6a28c38f026f,sargent.spot,available,25.99,25.99,high,low,7,namesilo,,,27/09/2026 04:36
6cb16e0a-abc1-4011-88bb-ac9a47df21f6,saturated.spot,available,25.98,31.98,medium,low,9,namecheap,,,09/09/2026 21:53
607dd75b-89d8-49e6-b872-723339995e95,grossly.spot,available,25.98,31.98,medium,low,7,namecheap,,,14/09/2026 22:29
99d7864c-1c05-4d0d-9b0a-5b0a51ae4040,litre.spot,available,25.98,31.98,high,low,5,namecheap,,,22/08/2026 17:09
2825f2bc-4f7f-4c69-b715-227be0d70e3e,shakedown.spot,available,25.98,31.98,medium,low,9,namecheap,,,10/09/2026 05:40
0acf7f3c-a056-4244-b17a-2b8fd0d4bb34,bitter.spot,available,25.98,31.98,high,low,6,namecheap,,,
71e7dbb6-df72-457b-979f-76ed85916511,pegs.spot,available,39.99,39.99,medium,low,4,name.com,,,20/09/2026 09:49
7897962a-87b0-4826-a1ea-a6b628fc2686,trend.spot,premium,625,,high,low,5,name.com,,,
b914216a-1a03-4da4-a9f3-a901f1cf418a,tiresome.spot,available,25.98,31.98,medium,low,8,namecheap,,,10/08/2026 20:03
1926c447-072b-4778-af70-09304042cf65,riyadh.spot,premium,116,116,high,low,6,namesilo,,,
df9afd55-b5da-49d0-9149-87d3c543405e,sensible.spot,available,25.98,31.98,high,low,8,namecheap,,,09/09/2026 11:07
8030345a-7e07-4f8b-ac12-75f7bf4a4fe7,aliyah.spot,premium,130,130,high,low,6,namecheap,,,18/09/2026 08:11
e9b3fbe8-1690-4037-9f03-b0c9d03a23c0,aerophagia.spot,available,25.99,25.99,medium,low,10,namesilo,,,17/09/2026 13:11
e1165c75-c33e-4c1c-a6c2-715383f1ac9a,lament.spot,available,25.98,31.98,high,low,6,namecheap,,,22/08/2026 15:25
cf24c891-2ca5-4005-8c92-4d64fd80e16a,satisfying.spot,available,25.98,31.98,high,low,10,namecheap,,,12/08/2026 03:47
9be9dc1d-9887-45f6-a63c-b971891f29d1,rudderfish.spot,available,25.99,25.99,medium,low,10,namesilo,,,22/09/2026 01:07
2dfb71d9-8e26-4810-99c9-75bb32702801,aquavit.spot,available,25.99,25.99,medium,low,7,namesilo,,,18/09/2026 00:16
e8ca3746-18df-474f-9f55-61149ce34481,indwelling.spot,available,25.98,31.98,high,low,10,namecheap,,,22/08/2026 03:37
09557609-d853-4c4a-afc3-66afd4deac61,caliber.spot,available,25.99,25.99,high,low,7,namesilo,,,24/09/2026 11:44
1de751e1-17d2-4e7b-915a-889606164a02,berkshire.spot,premium,116,116,high,low,9,namesilo,,,23/09/2026 09:33
070f7fa8-7d5e-48d5-97e6-e7e27b6cf2c5,slouchy.spot,available,25.99,25.99,medium,low,7,namesilo,,,19/09/2026 04:23
b1ef8b30-82cc-41da-b375-be67526459ca,angry.spot,premium,625,625,high,low,5,name.com,,,
8215f7e2-f640-4fa7-9990-4e8160ac33dd,sciences.spot,premium,125,,medium,low,8,name.com,,,
ad371dbb-1082-4a00-8b1b-254a63a52bbd,concentrate.spot,premium,116,116,high,low,11,namesilo,,,26/09/2026 00:53
6eb6652b-0c51-4585-b710-77158a1bf7f0,fat.spot,premium,3450,3450,high,low,3,namesilo,,,24/09/2026 17:19
6519b89b-e7b9-4152-b0e2-75eb5adb47d3,ambages.spot,available,25.99,25.99,medium,low,7,namesilo,,,18/09/2026 16:24
9bb7180d-69bd-4c8d-a89f-fe80831a8051,indentured.spot,available,25.98,31.98,medium,low,10,namecheap,,,06/08/2026 08:34
8bafd6b1-0fe8-4158-a664-67c62dc5c40c,morley.spot,premium,116,116,high,low,6,namesilo,,,25/09/2026 05:08
6a390a69-25d1-41b1-9af2-88f6507cda6c,pull.spot,premium,1107,1107,high,low,4,namesilo,,,
72a1b969-7a39-4142-9955-25181019e6c4,frowning.spot,available,25.98,31.98,medium,low,8,namecheap,,,18/08/2026 16:40
6d8ba1f6-dc37-4c85-8767-e8e28f650058,heroic.spot,available,25.99,25.99,high,low,6,namesilo,,,24/09/2026 14:31
8ef90cf7-e862-44b2-be00-f2cc15022aab,refine.spot,premium,116,116,high,low,6,namesilo,,,
9882cea8-1fd1-4e99-a62a-af0fde0ba3be,media.spot,premium,625,,high,medium,5,name.com,,,
a9517898-c809-475e-bb5e-638e0a32a1ba,brink.spot,available,25.99,25.99,high,low,5,namesilo,,,24/09/2026 10:33
24737dd5-9f2c-4844-b0e9-241440de02b6,ankara.spot,premium,116,116,high,low,6,namesilo,,,19/09/2026 07:05
eb9177a4-cc5d-475b-9e65-7308a0bcc243,archway.spot,available,25.99,25.99,high,low,7,namesilo,,,20/09/2026 02:39
976b11f0-f75b-42cf-b8f4-6ee4bb082717,multiply.spot,available,25.98,31.98,high,low,8,namecheap,,,15/09/2026 15:37
9fc85811-06a5-4d7f-abb5-a7b8fd5a00b8,bind.spot,premium,1107,1107,high,low,4,namesilo,,,22/09/2026 00:54
f08274e1-b82a-4e0c-8646-168f760b04f5,tipsy.spot,available,25.98,31.98,high,low,5,namecheap,,,11/09/2026 15:38
c32094a2-98eb-4438-9ed1-47d13e0a4edf,inspired.spot,premium,116,116,high,low,8,namesilo,,,25/09/2026 09:48
7d527138-b30d-412b-8a00-767a7784b3b1,apposition.spot,available,25.99,25.99,medium,low,10,namesilo,,,19/09/2026 22:03
170ee7db-3e0d-4921-9b65-28882cc2893c,compromise.spot,premium,116,116,high,low,10,namesilo,,,24/09/2026 16:54
40cf1597-ebba-443c-8723-5d421284df51,reticent.spot,available,25.99,25.99,medium,low,8,namesilo,,,27/09/2026 12:59
b8008d8d-b758-4151-82b4-594ff182506a,bladder.spot,available,25.99,25.99,high,low,7,namesilo,,,24/09/2026 03:26
457fc48e-77ce-4704-a843-e7022dc9d616,compositae.spot,available,25.98,31.98,medium,low,10,namecheap,,,20/09/2026 17:02